patch_id,source,area,image_relpath,label_relpath,x_coord,y_coord,slum_pixel_ratio,extraction_mode,slum_bucket,split
mumbai__Mumbai__y0_x0,mumbai,Mumbai,patches/mumbai__Mumbai__y0_x0.npz,patches/mumbai__Mumbai__y0_x0.npz,0,0,0.0,sliding,0% (no slum),train
mumbai__Mumbai__y0_x112,mumbai,Mumbai,patches/mumbai__Mumbai__y0_x112.npz,patches/mumbai__Mumbai__y0_x112.npz,112,0,0.0,sliding,0% (no slum),test
mumbai__Mumbai__y0_x224,mumbai,Mumbai,patches/mumbai__Mumbai__y0_x224.npz,patches/mumbai__Mumbai__y0_x224.npz,224,0,0.0,sliding,0% (no slum),train
mumbai__Mumbai__y0_x336,mumbai,Mumbai,patches/mumbai__Mumbai__y0_x336.npz,patches/mumbai__Mumbai__y0_x336.npz,336,0,0.0,sliding,0% (no slum),train
mumbai__Mumbai__y0_x448,mumbai,Mumbai,patches/mumbai__Mumbai__y0_x448.npz,patches/mumbai__Mumbai__y0_x448.npz,448,0,0.028739,sliding,0-25%,train
mumbai__Mumbai__y0_x560,mumbai,Mumbai,patches/mumbai__Mumbai__y0_x560.npz,patches/mumbai__Mumbai__y0_x560.npz,560,0,0.077985,sliding,0-25%,val
mumbai__Mumbai__y0_x672,mumbai,Mumbai,patches/mumbai__Mumbai__y0_x672.npz,patches/mumbai__Mumbai__y0_x672.npz,672,0,0.096102,sliding,0-25%,train
mumbai__Mumbai__y0_x784,mumbai,Mumbai,patches/mumbai__Mumbai__y0_x784.npz,patches/mumbai__Mumbai__y0_x784.npz,784,0,0.161631,sliding,0-25%,train
mumbai__Mumbai__y0_x896,mumbai,Mumbai,patches/mumbai__Mumbai__y0_x896.npz,patches/mumbai__Mumbai__y0_x896.npz,896,0,0.121193,sliding,0-25%,train
mumbai__Mumbai__y0_x1008,mumbai,Mumbai,patches/mumbai__Mumbai__y0_x1008.npz,patches/mumbai__Mumbai__y0_x1008.npz,1008,0,0.006417,sliding,0-25%,train
mumbai__Mumbai__y0_x1120,mumbai,Mumbai,patches/mumbai__Mumbai__y0_x1120.npz,patches/mumbai__Mumbai__y0_x1120.npz,1120,0,0.0,sliding,0% (no slum),test
mumbai__Mumbai__y0_x1232,mumbai,Mumbai,patches/mumbai__Mumbai__y0_x1232.npz,patches/mumbai__Mumbai__y0_x1232.npz,1232,0,0.0,sliding,0% (no slum),train
mumbai__Mumbai__y0_x1344,mumbai,Mumbai,patches/mumbai__Mumbai__y0_x1344.npz,patches/mumbai__Mumbai__y0_x1344.npz,1344,0,0.0,sliding,0% (no slum),train
mumbai__Mumbai__y0_x1456,mumbai,Mumbai,patches/mumbai__Mumbai__y0_x1456.npz,patches/mumbai__Mumbai__y0_x1456.npz,1456,0,0.0,sliding,0% (no slum),val
mumbai__Mumbai__y0_x1568,mumbai,Mumbai,patches/mumbai__Mumbai__y0_x1568.npz,patches/mumbai__Mumbai__y0_x1568.npz,1568,0,0.0,sliding,0% (no slum),val
mumbai__Mumbai__y0_x1680,mumbai,Mumbai,patches/mumbai__Mumbai__y0_x1680.npz,patches/mumbai__Mumbai__y0_x1680.npz,1680,0,0.0,sliding,0% (no slum),test
mumbai__Mumbai__y112_x0,mumbai,Mumbai,patches/mumbai__Mumbai__y112_x0.npz,patches/mumbai__Mumbai__y112_x0.npz,0,112,0.0,sliding,0% (no slum),train
mumbai__Mumbai__y112_x112,mumbai,Mumbai,patches/mumbai__Mumbai__y112_x112.npz,patches/mumbai__Mumbai__y112_x112.npz,112,112,0.0,sliding,0% (no slum),test
mumbai__Mumbai__y112_x224,mumbai,Mumbai,patches/mumbai__Mumbai__y112_x224.npz,patches/mumbai__Mumbai__y112_x224.npz,224,112,0.0,sliding,0% (no slum),train
mumbai__Mumbai__y112_x336,mumbai,Mumbai,patches/mumbai__Mumbai__y112_x336.npz,patches/mumbai__Mumbai__y112_x336.npz,336,112,0.001256,sliding,0-25%,train
mumbai__Mumbai__y112_x448,mumbai,Mumbai,patches/mumbai__Mumbai__y112_x448.npz,patches/mumbai__Mumbai__y112_x448.npz,448,112,0.029177,sliding,0-25%,train
mumbai__Mumbai__y112_x560,mumbai,Mumbai,patches/mumbai__Mumbai__y112_x560.npz,patches/mumbai__Mumbai__y112_x560.npz,560,112,0.062161,sliding,0-25%,val
mumbai__Mumbai__y112_x672,mumbai,Mumbai,patches/mumbai__Mumbai__y112_x672.npz,patches/mumbai__Mumbai__y112_x672.npz,672,112,0.118802,sliding,0-25%,test
mumbai__Mumbai__y112_x784,mumbai,Mumbai,patches/mumbai__Mumbai__y112_x784.npz,patches/mumbai__Mumbai__y112_x784.npz,784,112,0.229572,sliding,0-25%,train
mumbai__Mumbai__y112_x896,mumbai,Mumbai,patches/mumbai__Mumbai__y112_x896.npz,patches/mumbai__Mumbai__y112_x896.npz,896,112,0.146863,sliding,0-25%,train
mumbai__Mumbai__y112_x1008,mumbai,Mumbai,patches/mumbai__Mumbai__y112_x1008.npz,patches/mumbai__Mumbai__y112_x1008.npz,1008,112,0.001853,sliding,0-25%,train
mumbai__Mumbai__y112_x1120,mumbai,Mumbai,patches/mumbai__Mumbai__y112_x1120.npz,patches/mumbai__Mumbai__y112_x1120.npz,1120,112,0.0,sliding,0% (no slum),train
mumbai__Mumbai__y112_x1232,mumbai,Mumbai,patches/mumbai__Mumbai__y112_x1232.npz,patches/mumbai__Mumbai__y112_x1232.npz,1232,112,0.0,sliding,0% (no slum),train
mumbai__Mumbai__y112_x1344,mumbai,Mumbai,patches/mumbai__Mumbai__y112_x1344.npz,patches/mumbai__Mumbai__y112_x1344.npz,1344,112,0.0,sliding,0% (no slum),val
mumbai__Mumbai__y112_x1456,mumbai,Mumbai,patches/mumbai__Mumbai__y112_x1456.npz,patches/mumbai__Mumbai__y112_x1456.npz,1456,112,0.0,sliding,0% (no slum),train
mumbai__Mumbai__y112_x1568,mumbai,Mumbai,patches/mumbai__Mumbai__y112_x1568.npz,patches/mumbai__Mumbai__y112_x1568.npz,1568,112,0.0,sliding,0% (no slum),train
mumbai__Mumbai__y112_x1680,mumbai,Mumbai,patches/mumbai__Mumbai__y112_x1680.npz,patches/mumbai__Mumbai__y112_x1680.npz,1680,112,0.0,sliding,0% (no slum),test
mumbai__Mumbai__y224_x0,mumbai,Mumbai,patches/mumbai__Mumbai__y224_x0.npz,patches/mumbai__Mumbai__y224_x0.npz,0,224,0.0,sliding,0% (no slum),val
mumbai__Mumbai__y224_x112,mumbai,Mumbai,patches/mumbai__Mumbai__y224_x112.npz,patches/mumbai__Mumbai__y224_x112.npz,112,224,0.0,sliding,0% (no slum),train
mumbai__Mumbai__y224_x224,mumbai,Mumbai,patches/mumbai__Mumbai__y224_x224.npz,patches/mumbai__Mumbai__y224_x224.npz,224,224,0.0,sliding,0% (no slum),test
mumbai__Mumbai__y224_x336,mumbai,Mumbai,patches/mumbai__Mumbai__y224_x336.npz,patches/mumbai__Mumbai__y224_x336.npz,336,224,0.009307,sliding,0-25%,train
mumbai__Mumbai__y224_x448,mumbai,Mumbai,patches/mumbai__Mumbai__y224_x448.npz,patches/mumbai__Mumbai__y224_x448.npz,448,224,0.020408,sliding,0-25%,train
mumbai__Mumbai__y224_x560,mumbai,Mumbai,patches/mumbai__Mumbai__y224_x560.npz,patches/mumbai__Mumbai__y224_x560.npz,560,224,0.023577,sliding,0-25%,train
mumbai__Mumbai__y224_x672,mumbai,Mumbai,patches/mumbai__Mumbai__y224_x672.npz,patches/mumbai__Mumbai__y224_x672.npz,672,224,0.103197,sliding,0-25%,train
mumbai__Mumbai__y224_x784,mumbai,Mumbai,patches/mumbai__Mumbai__y224_x784.npz,patches/mumbai__Mumbai__y224_x784.npz,784,224,0.16181,sliding,0-25%,val
mumbai__Mumbai__y224_x896,mumbai,Mumbai,patches/mumbai__Mumbai__y224_x896.npz,patches/mumbai__Mumbai__y224_x896.npz,896,224,0.07109,sliding,0-25%,train
mumbai__Mumbai__y224_x1008,mumbai,Mumbai,patches/mumbai__Mumbai__y224_x1008.npz,patches/mumbai__Mumbai__y224_x1008.npz,1008,224,0.0,sliding,0% (no slum),test
mumbai__Mumbai__y224_x1120,mumbai,Mumbai,patches/mumbai__Mumbai__y224_x1120.npz,patches/mumbai__Mumbai__y224_x1120.npz,1120,224,0.0,sliding,0% (no slum),test
mumbai__Mumbai__y224_x1232,mumbai,Mumbai,patches/mumbai__Mumbai__y224_x1232.npz,patches/mumbai__Mumbai__y224_x1232.npz,1232,224,0.0,sliding,0% (no slum),train
mumbai__Mumbai__y224_x1344,mumbai,Mumbai,patches/mumbai__Mumbai__y224_x1344.npz,patches/mumbai__Mumbai__y224_x1344.npz,1344,224,0.0,sliding,0% (no slum),train
mumbai__Mumbai__y224_x1456,mumbai,Mumbai,patches/mumbai__Mumbai__y224_x1456.npz,patches/mumbai__Mumbai__y224_x1456.npz,1456,224,0.0,sliding,0% (no slum),train
mumbai__Mumbai__y224_x1568,mumbai,Mumbai,patches/mumbai__Mumbai__y224_x1568.npz,patches/mumbai__Mumbai__y224_x1568.npz,1568,224,0.0,sliding,0% (no slum),train
mumbai__Mumbai__y224_x1680,mumbai,Mumbai,patches/mumbai__Mumbai__y224_x1680.npz,patches/mumbai__Mumbai__y224_x1680.npz,1680,224,0.0,sliding,0% (no slum),train
mumbai__Mumbai__y336_x0,mumbai,Mumbai,patches/mumbai__Mumbai__y336_x0.npz,patches/mumbai__Mumbai__y336_x0.npz,0,336,0.0,sliding,0% (no slum),val
mumbai__Mumbai__y336_x112,mumbai,Mumbai,patches/mumbai__Mumbai__y336_x112.npz,patches/mumbai__Mumbai__y336_x112.npz,112,336,0.0,sliding,0% (no slum),test
mumbai__Mumbai__y336_x224,mumbai,Mumbai,patches/mumbai__Mumbai__y336_x224.npz,patches/mumbai__Mumbai__y336_x224.npz,224,336,0.0,sliding,0% (no slum),train
mumbai__Mumbai__y336_x336,mumbai,Mumbai,patches/mumbai__Mumbai__y336_x336.npz,patches/mumbai__Mumbai__y336_x336.npz,336,336,0.016861,sliding,0-25%,train
mumbai__Mumbai__y336_x448,mumbai,Mumbai,patches/mumbai__Mumbai__y336_x448.npz,patches/mumbai__Mumbai__y336_x448.npz,448,336,0.027762,sliding,0-25%,val
mumbai__Mumbai__y336_x560,mumbai,Mumbai,patches/mumbai__Mumbai__y336_x560.npz,patches/mumbai__Mumbai__y336_x560.npz,560,336,0.026826,sliding,0-25%,train
mumbai__Mumbai__y336_x672,mumbai,Mumbai,patches/mumbai__Mumbai__y336_x672.npz,patches/mumbai__Mumbai__y336_x672.npz,672,336,0.072804,sliding,0-25%,train
mumbai__Mumbai__y336_x784,mumbai,Mumbai,patches/mumbai__Mumbai__y336_x784.npz,patches/mumbai__Mumbai__y336_x784.npz,784,336,0.077069,sliding,0-25%,train
mumbai__Mumbai__y336_x896,mumbai,Mumbai,patches/mumbai__Mumbai__y336_x896.npz,patches/mumbai__Mumbai__y336_x896.npz,896,336,0.020807,sliding,0-25%,train
mumbai__Mumbai__y336_x1008,mumbai,Mumbai,patches/mumbai__Mumbai__y336_x1008.npz,patches/mumbai__Mumbai__y336_x1008.npz,1008,336,0.000618,sliding,0-25%,test
mumbai__Mumbai__y336_x1120,mumbai,Mumbai,patches/mumbai__Mumbai__y336_x1120.npz,patches/mumbai__Mumbai__y336_x1120.npz,1120,336,0.0,sliding,0% (no slum),train
mumbai__Mumbai__y336_x1232,mumbai,Mumbai,patches/mumbai__Mumbai__y336_x1232.npz,patches/mumbai__Mumbai__y336_x1232.npz,1232,336,0.0,sliding,0% (no slum),train
mumbai__Mumbai__y336_x1344,mumbai,Mumbai,patches/mumbai__Mumbai__y336_x1344.npz,patches/mumbai__Mumbai__y336_x1344.npz,1344,336,0.0,sliding,0% (no slum),train
mumbai__Mumbai__y336_x1456,mumbai,Mumbai,patches/mumbai__Mumbai__y336_x1456.npz,patches/mumbai__Mumbai__y336_x1456.npz,1456,336,0.0,sliding,0% (no slum),train
mumbai__Mumbai__y336_x1568,mumbai,Mumbai,patches/mumbai__Mumbai__y336_x1568.npz,patches/mumbai__Mumbai__y336_x1568.npz,1568,336,0.0,sliding,0% (no slum),train
mumbai__Mumbai__y336_x1680,mumbai,Mumbai,patches/mumbai__Mumbai__y336_x1680.npz,patches/mumbai__Mumbai__y336_x1680.npz,1680,336,0.0,sliding,0% (no slum),test
mumbai__Mumbai__y448_x0,mumbai,Mumbai,patches/mumbai__Mumbai__y448_x0.npz,patches/mumbai__Mumbai__y448_x0.npz,0,448,0.0,sliding,0% (no slum),train
mumbai__Mumbai__y448_x112,mumbai,Mumbai,patches/mumbai__Mumbai__y448_x112.npz,patches/mumbai__Mumbai__y448_x112.npz,112,448,0.0,sliding,0% (no slum),test
mumbai__Mumbai__y448_x224,mumbai,Mumbai,patches/mumbai__Mumbai__y448_x224.npz,patches/mumbai__Mumbai__y448_x224.npz,224,448,0.009447,sliding,0-25%,train
mumbai__Mumbai__y448_x336,mumbai,Mumbai,patches/mumbai__Mumbai__y448_x336.npz,patches/mumbai__Mumbai__y448_x336.npz,336,448,0.084702,sliding,0-25%,train
mumbai__Mumbai__y448_x448,mumbai,Mumbai,patches/mumbai__Mumbai__y448_x448.npz,patches/mumbai__Mumbai__y448_x448.npz,448,448,0.08534,sliding,0-25%,train
mumbai__Mumbai__y448_x560,mumbai,Mumbai,patches/mumbai__Mumbai__y448_x560.npz,patches/mumbai__Mumbai__y448_x560.npz,560,448,0.051379,sliding,0-25%,test
mumbai__Mumbai__y448_x672,mumbai,Mumbai,patches/mumbai__Mumbai__y448_x672.npz,patches/mumbai__Mumbai__y448_x672.npz,672,448,0.088389,sliding,0-25%,train
mumbai__Mumbai__y448_x784,mumbai,Mumbai,patches/mumbai__Mumbai__y448_x784.npz,patches/mumbai__Mumbai__y448_x784.npz,784,448,0.084004,sliding,0-25%,test
mumbai__Mumbai__y448_x896,mumbai,Mumbai,patches/mumbai__Mumbai__y448_x896.npz,patches/mumbai__Mumbai__y448_x896.npz,896,448,0.056481,sliding,0-25%,train
mumbai__Mumbai__y448_x1008,mumbai,Mumbai,patches/mumbai__Mumbai__y448_x1008.npz,patches/mumbai__Mumbai__y448_x1008.npz,1008,448,0.019571,sliding,0-25%,train
mumbai__Mumbai__y448_x1120,mumbai,Mumbai,patches/mumbai__Mumbai__y448_x1120.npz,patches/mumbai__Mumbai__y448_x1120.npz,1120,448,0.0,sliding,0% (no slum),test
mumbai__Mumbai__y448_x1232,mumbai,Mumbai,patches/mumbai__Mumbai__y448_x1232.npz,patches/mumbai__Mumbai__y448_x1232.npz,1232,448,0.0,sliding,0% (no slum),train
mumbai__Mumbai__y448_x1344,mumbai,Mumbai,patches/mumbai__Mumbai__y448_x1344.npz,patches/mumbai__Mumbai__y448_x1344.npz,1344,448,0.0,sliding,0% (no slum),test
mumbai__Mumbai__y448_x1456,mumbai,Mumbai,patches/mumbai__Mumbai__y448_x1456.npz,patches/mumbai__Mumbai__y448_x1456.npz,1456,448,0.0,sliding,0% (no slum),train
mumbai__Mumbai__y448_x1568,mumbai,Mumbai,patches/mumbai__Mumbai__y448_x1568.npz,patches/mumbai__Mumbai__y448_x1568.npz,1568,448,0.0,sliding,0% (no slum),val
mumbai__Mumbai__y448_x1680,mumbai,Mumbai,patches/mumbai__Mumbai__y448_x1680.npz,patches/mumbai__Mumbai__y448_x1680.npz,1680,448,0.0,sliding,0% (no slum),train
mumbai__Mumbai__y560_x0,mumbai,Mumbai,patches/mumbai__Mumbai__y560_x0.npz,patches/mumbai__Mumbai__y560_x0.npz,0,560,0.000299,sliding,0-25%,train
mumbai__Mumbai__y560_x112,mumbai,Mumbai,patches/mumbai__Mumbai__y560_x112.npz,patches/mumbai__Mumbai__y560_x112.npz,112,560,0.005481,sliding,0-25%,val
mumbai__Mumbai__y560_x224,mumbai,Mumbai,patches/mumbai__Mumbai__y560_x224.npz,patches/mumbai__Mumbai__y560_x224.npz,224,560,0.042829,sliding,0-25%,train
mumbai__Mumbai__y560_x336,mumbai,Mumbai,patches/mumbai__Mumbai__y560_x336.npz,patches/mumbai__Mumbai__y560_x336.npz,336,560,0.160894,sliding,0-25%,train
mumbai__Mumbai__y560_x448,mumbai,Mumbai,patches/mumbai__Mumbai__y560_x448.npz,patches/mumbai__Mumbai__y560_x448.npz,448,560,0.159817,sliding,0-25%,train
mumbai__Mumbai__y560_x560,mumbai,Mumbai,patches/mumbai__Mumbai__y560_x560.npz,patches/mumbai__Mumbai__y560_x560.npz,560,560,0.083267,sliding,0-25%,val
mumbai__Mumbai__y560_x672,mumbai,Mumbai,patches/mumbai__Mumbai__y560_x672.npz,patches/mumbai__Mumbai__y560_x672.npz,672,560,0.157805,sliding,0-25%,train
mumbai__Mumbai__y560_x784,mumbai,Mumbai,patches/mumbai__Mumbai__y560_x784.npz,patches/mumbai__Mumbai__y560_x784.npz,784,560,0.167471,sliding,0-25%,val
mumbai__Mumbai__y560_x896,mumbai,Mumbai,patches/mumbai__Mumbai__y560_x896.npz,patches/mumbai__Mumbai__y560_x896.npz,896,560,0.117168,sliding,0-25%,train
mumbai__Mumbai__y560_x1008,mumbai,Mumbai,patches/mumbai__Mumbai__y560_x1008.npz,patches/mumbai__Mumbai__y560_x1008.npz,1008,560,0.060806,sliding,0-25%,train
mumbai__Mumbai__y560_x1120,mumbai,Mumbai,patches/mumbai__Mumbai__y560_x1120.npz,patches/mumbai__Mumbai__y560_x1120.npz,1120,560,0.0,sliding,0% (no slum),val
mumbai__Mumbai__y560_x1232,mumbai,Mumbai,patches/mumbai__Mumbai__y560_x1232.npz,patches/mumbai__Mumbai__y560_x1232.npz,1232,560,0.0,sliding,0% (no slum),train
mumbai__Mumbai__y560_x1344,mumbai,Mumbai,patches/mumbai__Mumbai__y560_x1344.npz,patches/mumbai__Mumbai__y560_x1344.npz,1344,560,0.0,sliding,0% (no slum),train
mumbai__Mumbai__y560_x1456,mumbai,Mumbai,patches/mumbai__Mumbai__y560_x1456.npz,patches/mumbai__Mumbai__y560_x1456.npz,1456,560,0.0,sliding,0% (no slum),val
mumbai__Mumbai__y560_x1568,mumbai,Mumbai,patches/mumbai__Mumbai__y560_x1568.npz,patches/mumbai__Mumbai__y560_x1568.npz,1568,560,0.0,sliding,0% (no slum),train
mumbai__Mumbai__y560_x1680,mumbai,Mumbai,patches/mumbai__Mumbai__y560_x1680.npz,patches/mumbai__Mumbai__y560_x1680.npz,1680,560,0.0,sliding,0% (no slum),train
mumbai__Mumbai__y672_x0,mumbai,Mumbai,patches/mumbai__Mumbai__y672_x0.npz,patches/mumbai__Mumbai__y672_x0.npz,0,672,0.008151,sliding,0-25%,train
mumbai__Mumbai__y672_x112,mumbai,Mumbai,patches/mumbai__Mumbai__y672_x112.npz,patches/mumbai__Mumbai__y672_x112.npz,112,672,0.039082,sliding,0-25%,train
mumbai__Mumbai__y672_x224,mumbai,Mumbai,patches/mumbai__Mumbai__y672_x224.npz,patches/mumbai__Mumbai__y672_x224.npz,224,672,0.132394,sliding,0-25%,train
mumbai__Mumbai__y672_x336,mumbai,Mumbai,patches/mumbai__Mumbai__y672_x336.npz,patches/mumbai__Mumbai__y672_x336.npz,336,672,0.163305,sliding,0-25%,test
mumbai__Mumbai__y672_x448,mumbai,Mumbai,patches/mumbai__Mumbai__y672_x448.npz,patches/mumbai__Mumbai__y672_x448.npz,448,672,0.111627,sliding,0-25%,train
mumbai__Mumbai__y672_x560,mumbai,Mumbai,patches/mumbai__Mumbai__y672_x560.npz,patches/mumbai__Mumbai__y672_x560.npz,560,672,0.096022,sliding,0-25%,train
mumbai__Mumbai__y672_x672,mumbai,Mumbai,patches/mumbai__Mumbai__y672_x672.npz,patches/mumbai__Mumbai__y672_x672.npz,672,672,0.254086,sliding,25-50%,test
mumbai__Mumbai__y672_x784,mumbai,Mumbai,patches/mumbai__Mumbai__y672_x784.npz,patches/mumbai__Mumbai__y672_x784.npz,784,672,0.36364,sliding,25-50%,val
mumbai__Mumbai__y672_x896,mumbai,Mumbai,patches/mumbai__Mumbai__y672_x896.npz,patches/mumbai__Mumbai__y672_x896.npz,896,672,0.197644,sliding,0-25%,train
mumbai__Mumbai__y672_x1008,mumbai,Mumbai,patches/mumbai__Mumbai__y672_x1008.npz,patches/mumbai__Mumbai__y672_x1008.npz,1008,672,0.041853,sliding,0-25%,test
mumbai__Mumbai__y672_x1120,mumbai,Mumbai,patches/mumbai__Mumbai__y672_x1120.npz,patches/mumbai__Mumbai__y672_x1120.npz,1120,672,0.0,sliding,0% (no slum),val
mumbai__Mumbai__y672_x1232,mumbai,Mumbai,patches/mumbai__Mumbai__y672_x1232.npz,patches/mumbai__Mumbai__y672_x1232.npz,1232,672,0.0,sliding,0% (no slum),train
mumbai__Mumbai__y672_x1344,mumbai,Mumbai,patches/mumbai__Mumbai__y672_x1344.npz,patches/mumbai__Mumbai__y672_x1344.npz,1344,672,0.0,sliding,0% (no slum),train
mumbai__Mumbai__y672_x1456,mumbai,Mumbai,patches/mumbai__Mumbai__y672_x1456.npz,patches/mumbai__Mumbai__y672_x1456.npz,1456,672,0.001913,sliding,0-25%,test
mumbai__Mumbai__y672_x1568,mumbai,Mumbai,patches/mumbai__Mumbai__y672_x1568.npz,patches/mumbai__Mumbai__y672_x1568.npz,1568,672,0.007693,sliding,0-25%,train
mumbai__Mumbai__y672_x1680,mumbai,Mumbai,patches/mumbai__Mumbai__y672_x1680.npz,patches/mumbai__Mumbai__y672_x1680.npz,1680,672,0.00578,sliding,0-25%,test
mumbai__Mumbai__y784_x0,mumbai,Mumbai,patches/mumbai__Mumbai__y784_x0.npz,patches/mumbai__Mumbai__y784_x0.npz,0,784,0.007852,sliding,0-25%,train
mumbai__Mumbai__y784_x112,mumbai,Mumbai,patches/mumbai__Mumbai__y784_x112.npz,patches/mumbai__Mumbai__y784_x112.npz,112,784,0.077587,sliding,0-25%,test
mumbai__Mumbai__y784_x224,mumbai,Mumbai,patches/mumbai__Mumbai__y784_x224.npz,patches/mumbai__Mumbai__y784_x224.npz,224,784,0.147939,sliding,0-25%,val
mumbai__Mumbai__y784_x336,mumbai,Mumbai,patches/mumbai__Mumbai__y784_x336.npz,patches/mumbai__Mumbai__y784_x336.npz,336,784,0.083247,sliding,0-25%,train
mumbai__Mumbai__y784_x448,mumbai,Mumbai,patches/mumbai__Mumbai__y784_x448.npz,patches/mumbai__Mumbai__y784_x448.npz,448,784,0.055544,sliding,0-25%,test
mumbai__Mumbai__y784_x560,mumbai,Mumbai,patches/mumbai__Mumbai__y784_x560.npz,patches/mumbai__Mumbai__y784_x560.npz,560,784,0.12793,sliding,0-25%,test
mumbai__Mumbai__y784_x672,mumbai,Mumbai,patches/mumbai__Mumbai__y784_x672.npz,patches/mumbai__Mumbai__y784_x672.npz,672,784,0.27278,sliding,25-50%,train
mumbai__Mumbai__y784_x784,mumbai,Mumbai,patches/mumbai__Mumbai__y784_x784.npz,patches/mumbai__Mumbai__y784_x784.npz,784,784,0.39198,sliding,25-50%,train
mumbai__Mumbai__y784_x896,mumbai,Mumbai,patches/mumbai__Mumbai__y784_x896.npz,patches/mumbai__Mumbai__y784_x896.npz,896,784,0.197186,sliding,0-25%,train
mumbai__Mumbai__y784_x1008,mumbai,Mumbai,patches/mumbai__Mumbai__y784_x1008.npz,patches/mumbai__Mumbai__y784_x1008.npz,1008,784,0.000558,sliding,0-25%,val
mumbai__Mumbai__y784_x1120,mumbai,Mumbai,patches/mumbai__Mumbai__y784_x1120.npz,patches/mumbai__Mumbai__y784_x1120.npz,1120,784,0.0,sliding,0% (no slum),test
mumbai__Mumbai__y784_x1232,mumbai,Mumbai,patches/mumbai__Mumbai__y784_x1232.npz,patches/mumbai__Mumbai__y784_x1232.npz,1232,784,0.0,sliding,0% (no slum),val
mumbai__Mumbai__y784_x1344,mumbai,Mumbai,patches/mumbai__Mumbai__y784_x1344.npz,patches/mumbai__Mumbai__y784_x1344.npz,1344,784,0.0,sliding,0% (no slum),train
mumbai__Mumbai__y784_x1456,mumbai,Mumbai,patches/mumbai__Mumbai__y784_x1456.npz,patches/mumbai__Mumbai__y784_x1456.npz,1456,784,0.026726,sliding,0-25%,test
mumbai__Mumbai__y784_x1568,mumbai,Mumbai,patches/mumbai__Mumbai__y784_x1568.npz,patches/mumbai__Mumbai__y784_x1568.npz,1568,784,0.034518,sliding,0-25%,train
mumbai__Mumbai__y784_x1680,mumbai,Mumbai,patches/mumbai__Mumbai__y784_x1680.npz,patches/mumbai__Mumbai__y784_x1680.npz,1680,784,0.021664,sliding,0-25%,train
mumbai__Mumbai__y896_x0,mumbai,Mumbai,patches/mumbai__Mumbai__y896_x0.npz,patches/mumbai__Mumbai__y896_x0.npz,0,896,0.0,sliding,0% (no slum),val
mumbai__Mumbai__y896_x112,mumbai,Mumbai,patches/mumbai__Mumbai__y896_x112.npz,patches/mumbai__Mumbai__y896_x112.npz,112,896,0.043985,sliding,0-25%,test
mumbai__Mumbai__y896_x224,mumbai,Mumbai,patches/mumbai__Mumbai__y896_x224.npz,patches/mumbai__Mumbai__y896_x224.npz,224,896,0.048928,sliding,0-25%,val
mumbai__Mumbai__y896_x336,mumbai,Mumbai,patches/mumbai__Mumbai__y896_x336.npz,patches/mumbai__Mumbai__y896_x336.npz,336,896,0.004943,sliding,0-25%,train
mumbai__Mumbai__y896_x448,mumbai,Mumbai,patches/mumbai__Mumbai__y896_x448.npz,patches/mumbai__Mumbai__y896_x448.npz,448,896,0.07103,sliding,0-25%,train
mumbai__Mumbai__y896_x560,mumbai,Mumbai,patches/mumbai__Mumbai__y896_x560.npz,patches/mumbai__Mumbai__y896_x560.npz,560,896,0.126694,sliding,0-25%,train
mumbai__Mumbai__y896_x672,mumbai,Mumbai,patches/mumbai__Mumbai__y896_x672.npz,patches/mumbai__Mumbai__y896_x672.npz,672,896,0.12486,sliding,0-25%,train
mumbai__Mumbai__y896_x784,mumbai,Mumbai,patches/mumbai__Mumbai__y896_x784.npz,patches/mumbai__Mumbai__y896_x784.npz,784,896,0.185647,sliding,0-25%,train
mumbai__Mumbai__y896_x896,mumbai,Mumbai,patches/mumbai__Mumbai__y896_x896.npz,patches/mumbai__Mumbai__y896_x896.npz,896,896,0.126834,sliding,0-25%,train
mumbai__Mumbai__y896_x1008,mumbai,Mumbai,patches/mumbai__Mumbai__y896_x1008.npz,patches/mumbai__Mumbai__y896_x1008.npz,1008,896,0.010383,sliding,0-25%,test
mumbai__Mumbai__y896_x1120,mumbai,Mumbai,patches/mumbai__Mumbai__y896_x1120.npz,patches/mumbai__Mumbai__y896_x1120.npz,1120,896,0.0,sliding,0% (no slum),train
mumbai__Mumbai__y896_x1232,mumbai,Mumbai,patches/mumbai__Mumbai__y896_x1232.npz,patches/mumbai__Mumbai__y896_x1232.npz,1232,896,0.0,sliding,0% (no slum),train
mumbai__Mumbai__y896_x1344,mumbai,Mumbai,patches/mumbai__Mumbai__y896_x1344.npz,patches/mumbai__Mumbai__y896_x1344.npz,1344,896,0.022242,sliding,0-25%,train
mumbai__Mumbai__y896_x1456,mumbai,Mumbai,patches/mumbai__Mumbai__y896_x1456.npz,patches/mumbai__Mumbai__y896_x1456.npz,1456,896,0.066785,sliding,0-25%,test
mumbai__Mumbai__y896_x1568,mumbai,Mumbai,patches/mumbai__Mumbai__y896_x1568.npz,patches/mumbai__Mumbai__y896_x1568.npz,1568,896,0.066406,sliding,0-25%,test
mumbai__Mumbai__y896_x1680,mumbai,Mumbai,patches/mumbai__Mumbai__y896_x1680.npz,patches/mumbai__Mumbai__y896_x1680.npz,1680,896,0.040577,sliding,0-25%,train
mumbai__Mumbai__y1008_x0,mumbai,Mumbai,patches/mumbai__Mumbai__y1008_x0.npz,patches/mumbai__Mumbai__y1008_x0.npz,0,1008,0.003747,sliding,0-25%,train
mumbai__Mumbai__y1008_x112,mumbai,Mumbai,patches/mumbai__Mumbai__y1008_x112.npz,patches/mumbai__Mumbai__y1008_x112.npz,112,1008,0.0,sliding,0% (no slum),train
mumbai__Mumbai__y1008_x224,mumbai,Mumbai,patches/mumbai__Mumbai__y1008_x224.npz,patches/mumbai__Mumbai__y1008_x224.npz,224,1008,0.0,sliding,0% (no slum),train
mumbai__Mumbai__y1008_x336,mumbai,Mumbai,patches/mumbai__Mumbai__y1008_x336.npz,patches/mumbai__Mumbai__y1008_x336.npz,336,1008,0.045699,sliding,0-25%,train
mumbai__Mumbai__y1008_x448,mumbai,Mumbai,patches/mumbai__Mumbai__y1008_x448.npz,patches/mumbai__Mumbai__y1008_x448.npz,448,1008,0.084622,sliding,0-25%,train
mumbai__Mumbai__y1008_x560,mumbai,Mumbai,patches/mumbai__Mumbai__y1008_x560.npz,patches/mumbai__Mumbai__y1008_x560.npz,560,1008,0.066127,sliding,0-25%,train
mumbai__Mumbai__y1008_x672,mumbai,Mumbai,patches/mumbai__Mumbai__y1008_x672.npz,patches/mumbai__Mumbai__y1008_x672.npz,672,1008,0.033781,sliding,0-25%,train
mumbai__Mumbai__y1008_x784,mumbai,Mumbai,patches/mumbai__Mumbai__y1008_x784.npz,patches/mumbai__Mumbai__y1008_x784.npz,784,1008,0.059032,sliding,0-25%,train
mumbai__Mumbai__y1008_x896,mumbai,Mumbai,patches/mumbai__Mumbai__y1008_x896.npz,patches/mumbai__Mumbai__y1008_x896.npz,896,1008,0.098653,sliding,0-25%,train
mumbai__Mumbai__y1008_x1008,mumbai,Mumbai,patches/mumbai__Mumbai__y1008_x1008.npz,patches/mumbai__Mumbai__y1008_x1008.npz,1008,1008,0.046197,sliding,0-25%,train
mumbai__Mumbai__y1008_x1120,mumbai,Mumbai,patches/mumbai__Mumbai__y1008_x1120.npz,patches/mumbai__Mumbai__y1008_x1120.npz,1120,1008,0.0,sliding,0% (no slum),train
mumbai__Mumbai__y1008_x1232,mumbai,Mumbai,patches/mumbai__Mumbai__y1008_x1232.npz,patches/mumbai__Mumbai__y1008_x1232.npz,1232,1008,0.0,sliding,0% (no slum),val
mumbai__Mumbai__y1008_x1344,mumbai,Mumbai,patches/mumbai__Mumbai__y1008_x1344.npz,patches/mumbai__Mumbai__y1008_x1344.npz,1344,1008,0.098972,sliding,0-25%,train
mumbai__Mumbai__y1008_x1456,mumbai,Mumbai,patches/mumbai__Mumbai__y1008_x1456.npz,patches/mumbai__Mumbai__y1008_x1456.npz,1456,1008,0.168407,sliding,0-25%,test
mumbai__Mumbai__y1008_x1568,mumbai,Mumbai,patches/mumbai__Mumbai__y1008_x1568.npz,patches/mumbai__Mumbai__y1008_x1568.npz,1568,1008,0.099829,sliding,0-25%,train
mumbai__Mumbai__y1008_x1680,mumbai,Mumbai,patches/mumbai__Mumbai__y1008_x1680.npz,patches/mumbai__Mumbai__y1008_x1680.npz,1680,1008,0.036412,sliding,0-25%,train
mumbai__Mumbai__y1120_x0,mumbai,Mumbai,patches/mumbai__Mumbai__y1120_x0.npz,patches/mumbai__Mumbai__y1120_x0.npz,0,1120,0.011978,sliding,0-25%,train
mumbai__Mumbai__y1120_x112,mumbai,Mumbai,patches/mumbai__Mumbai__y1120_x112.npz,patches/mumbai__Mumbai__y1120_x112.npz,112,1120,0.008231,sliding,0-25%,train
mumbai__Mumbai__y1120_x224,mumbai,Mumbai,patches/mumbai__Mumbai__y1120_x224.npz,patches/mumbai__Mumbai__y1120_x224.npz,224,1120,0.0,sliding,0% (no slum),train
mumbai__Mumbai__y1120_x336,mumbai,Mumbai,patches/mumbai__Mumbai__y1120_x336.npz,patches/mumbai__Mumbai__y1120_x336.npz,336,1120,0.088249,sliding,0-25%,train
mumbai__Mumbai__y1120_x448,mumbai,Mumbai,patches/mumbai__Mumbai__y1120_x448.npz,patches/mumbai__Mumbai__y1120_x448.npz,448,1120,0.146823,sliding,0-25%,train
mumbai__Mumbai__y1120_x560,mumbai,Mumbai,patches/mumbai__Mumbai__y1120_x560.npz,patches/mumbai__Mumbai__y1120_x560.npz,560,1120,0.081852,sliding,0-25%,train
mumbai__Mumbai__y1120_x672,mumbai,Mumbai,patches/mumbai__Mumbai__y1120_x672.npz,patches/mumbai__Mumbai__y1120_x672.npz,672,1120,0.024554,sliding,0-25%,train
mumbai__Mumbai__y1120_x784,mumbai,Mumbai,patches/mumbai__Mumbai__y1120_x784.npz,patches/mumbai__Mumbai__y1120_x784.npz,784,1120,0.010025,sliding,0-25%,test
mumbai__Mumbai__y1120_x896,mumbai,Mumbai,patches/mumbai__Mumbai__y1120_x896.npz,patches/mumbai__Mumbai__y1120_x896.npz,896,1120,0.057039,sliding,0-25%,train
mumbai__Mumbai__y1120_x1008,mumbai,Mumbai,patches/mumbai__Mumbai__y1120_x1008.npz,patches/mumbai__Mumbai__y1120_x1008.npz,1008,1120,0.0511,sliding,0-25%,train
mumbai__Mumbai__y1120_x1120,mumbai,Mumbai,patches/mumbai__Mumbai__y1120_x1120.npz,patches/mumbai__Mumbai__y1120_x1120.npz,1120,1120,0.00281,sliding,0-25%,val
mumbai__Mumbai__y1120_x1232,mumbai,Mumbai,patches/mumbai__Mumbai__y1120_x1232.npz,patches/mumbai__Mumbai__y1120_x1232.npz,1232,1120,0.000259,sliding,0-25%,train
mumbai__Mumbai__y1120_x1344,mumbai,Mumbai,patches/mumbai__Mumbai__y1120_x1344.npz,patches/mumbai__Mumbai__y1120_x1344.npz,1344,1120,0.19312,sliding,0-25%,train
mumbai__Mumbai__y1120_x1456,mumbai,Mumbai,patches/mumbai__Mumbai__y1120_x1456.npz,patches/mumbai__Mumbai__y1120_x1456.npz,1456,1120,0.284259,sliding,25-50%,train
mumbai__Mumbai__y1120_x1568,mumbai,Mumbai,patches/mumbai__Mumbai__y1120_x1568.npz,patches/mumbai__Mumbai__y1120_x1568.npz,1568,1120,0.108239,sliding,0-25%,train
mumbai__Mumbai__y1120_x1680,mumbai,Mumbai,patches/mumbai__Mumbai__y1120_x1680.npz,patches/mumbai__Mumbai__y1120_x1680.npz,1680,1120,0.018017,sliding,0-25%,train
mumbai__Mumbai__y1232_x0,mumbai,Mumbai,patches/mumbai__Mumbai__y1232_x0.npz,patches/mumbai__Mumbai__y1232_x0.npz,0,1232,0.008371,sliding,0-25%,train
mumbai__Mumbai__y1232_x112,mumbai,Mumbai,patches/mumbai__Mumbai__y1232_x112.npz,patches/mumbai__Mumbai__y1232_x112.npz,112,1232,0.009825,sliding,0-25%,test
mumbai__Mumbai__y1232_x224,mumbai,Mumbai,patches/mumbai__Mumbai__y1232_x224.npz,patches/mumbai__Mumbai__y1232_x224.npz,224,1232,0.007872,sliding,0-25%,train
mumbai__Mumbai__y1232_x336,mumbai,Mumbai,patches/mumbai__Mumbai__y1232_x336.npz,patches/mumbai__Mumbai__y1232_x336.npz,336,1232,0.054129,sliding,0-25%,train
mumbai__Mumbai__y1232_x448,mumbai,Mumbai,patches/mumbai__Mumbai__y1232_x448.npz,patches/mumbai__Mumbai__y1232_x448.npz,448,1232,0.133351,sliding,0-25%,train
mumbai__Mumbai__y1232_x560,mumbai,Mumbai,patches/mumbai__Mumbai__y1232_x560.npz,patches/mumbai__Mumbai__y1232_x560.npz,560,1232,0.143056,sliding,0-25%,train
mumbai__Mumbai__y1232_x672,mumbai,Mumbai,patches/mumbai__Mumbai__y1232_x672.npz,patches/mumbai__Mumbai__y1232_x672.npz,672,1232,0.156649,sliding,0-25%,test
mumbai__Mumbai__y1232_x784,mumbai,Mumbai,patches/mumbai__Mumbai__y1232_x784.npz,patches/mumbai__Mumbai__y1232_x784.npz,784,1232,0.113819,sliding,0-25%,train
mumbai__Mumbai__y1232_x896,mumbai,Mumbai,patches/mumbai__Mumbai__y1232_x896.npz,patches/mumbai__Mumbai__y1232_x896.npz,896,1232,0.03693,sliding,0-25%,train
mumbai__Mumbai__y1232_x1008,mumbai,Mumbai,patches/mumbai__Mumbai__y1232_x1008.npz,patches/mumbai__Mumbai__y1232_x1008.npz,1008,1232,0.050462,sliding,0-25%,train
mumbai__Mumbai__y1232_x1120,mumbai,Mumbai,patches/mumbai__Mumbai__y1232_x1120.npz,patches/mumbai__Mumbai__y1232_x1120.npz,1120,1232,0.033143,sliding,0-25%,train
mumbai__Mumbai__y1232_x1232,mumbai,Mumbai,patches/mumbai__Mumbai__y1232_x1232.npz,patches/mumbai__Mumbai__y1232_x1232.npz,1232,1232,0.024793,sliding,0-25%,test
mumbai__Mumbai__y1232_x1344,mumbai,Mumbai,patches/mumbai__Mumbai__y1232_x1344.npz,patches/mumbai__Mumbai__y1232_x1344.npz,1344,1232,0.19878,sliding,0-25%,val
mumbai__Mumbai__y1232_x1456,mumbai,Mumbai,patches/mumbai__Mumbai__y1232_x1456.npz,patches/mumbai__Mumbai__y1232_x1456.npz,1456,1232,0.260543,sliding,25-50%,val
mumbai__Mumbai__y1232_x1568,mumbai,Mumbai,patches/mumbai__Mumbai__y1232_x1568.npz,patches/mumbai__Mumbai__y1232_x1568.npz,1568,1232,0.088429,sliding,0-25%,val
mumbai__Mumbai__y1232_x1680,mumbai,Mumbai,patches/mumbai__Mumbai__y1232_x1680.npz,patches/mumbai__Mumbai__y1232_x1680.npz,1680,1232,0.006896,sliding,0-25%,train
mumbai__Mumbai__y1344_x0,mumbai,Mumbai,patches/mumbai__Mumbai__y1344_x0.npz,patches/mumbai__Mumbai__y1344_x0.npz,0,1344,0.00014,sliding,0-25%,train
mumbai__Mumbai__y1344_x112,mumbai,Mumbai,patches/mumbai__Mumbai__y1344_x112.npz,patches/mumbai__Mumbai__y1344_x112.npz,112,1344,0.003428,sliding,0-25%,train
mumbai__Mumbai__y1344_x224,mumbai,Mumbai,patches/mumbai__Mumbai__y1344_x224.npz,patches/mumbai__Mumbai__y1344_x224.npz,224,1344,0.015485,sliding,0-25%,train
mumbai__Mumbai__y1344_x336,mumbai,Mumbai,patches/mumbai__Mumbai__y1344_x336.npz,patches/mumbai__Mumbai__y1344_x336.npz,336,1344,0.025391,sliding,0-25%,test
mumbai__Mumbai__y1344_x448,mumbai,Mumbai,patches/mumbai__Mumbai__y1344_x448.npz,patches/mumbai__Mumbai__y1344_x448.npz,448,1344,0.071508,sliding,0-25%,train
mumbai__Mumbai__y1344_x560,mumbai,Mumbai,patches/mumbai__Mumbai__y1344_x560.npz,patches/mumbai__Mumbai__y1344_x560.npz,560,1344,0.15346,sliding,0-25%,train
mumbai__Mumbai__y1344_x672,mumbai,Mumbai,patches/mumbai__Mumbai__y1344_x672.npz,patches/mumbai__Mumbai__y1344_x672.npz,672,1344,0.239656,sliding,0-25%,train
mumbai__Mumbai__y1344_x784,mumbai,Mumbai,patches/mumbai__Mumbai__y1344_x784.npz,patches/mumbai__Mumbai__y1344_x784.npz,784,1344,0.199876,sliding,0-25%,val
mumbai__Mumbai__y1344_x896,mumbai,Mumbai,patches/mumbai__Mumbai__y1344_x896.npz,patches/mumbai__Mumbai__y1344_x896.npz,896,1344,0.077587,sliding,0-25%,train
mumbai__Mumbai__y1344_x1008,mumbai,Mumbai,patches/mumbai__Mumbai__y1344_x1008.npz,patches/mumbai__Mumbai__y1344_x1008.npz,1008,1344,0.05411,sliding,0-25%,train
mumbai__Mumbai__y1344_x1120,mumbai,Mumbai,patches/mumbai__Mumbai__y1344_x1120.npz,patches/mumbai__Mumbai__y1344_x1120.npz,1120,1344,0.038823,sliding,0-25%,train
mumbai__Mumbai__y1344_x1232,mumbai,Mumbai,patches/mumbai__Mumbai__y1344_x1232.npz,patches/mumbai__Mumbai__y1344_x1232.npz,1232,1344,0.045978,sliding,0-25%,train
mumbai__Mumbai__y1344_x1344,mumbai,Mumbai,patches/mumbai__Mumbai__y1344_x1344.npz,patches/mumbai__Mumbai__y1344_x1344.npz,1344,1344,0.117467,sliding,0-25%,train
mumbai__Mumbai__y1344_x1456,mumbai,Mumbai,patches/mumbai__Mumbai__y1344_x1456.npz,patches/mumbai__Mumbai__y1344_x1456.npz,1456,1344,0.160375,sliding,0-25%,train
mumbai__Mumbai__y1344_x1568,mumbai,Mumbai,patches/mumbai__Mumbai__y1344_x1568.npz,patches/mumbai__Mumbai__y1344_x1568.npz,1568,1344,0.082549,sliding,0-25%,val
mumbai__Mumbai__y1344_x1680,mumbai,Mumbai,patches/mumbai__Mumbai__y1344_x1680.npz,patches/mumbai__Mumbai__y1344_x1680.npz,1680,1344,0.000598,sliding,0-25%,train
mumbai__Mumbai__y1456_x0,mumbai,Mumbai,patches/mumbai__Mumbai__y1456_x0.npz,patches/mumbai__Mumbai__y1456_x0.npz,0,1456,0.0,sliding,0% (no slum),test
mumbai__Mumbai__y1456_x112,mumbai,Mumbai,patches/mumbai__Mumbai__y1456_x112.npz,patches/mumbai__Mumbai__y1456_x112.npz,112,1456,0.001834,sliding,0-25%,val
mumbai__Mumbai__y1456_x224,mumbai,Mumbai,patches/mumbai__Mumbai__y1456_x224.npz,patches/mumbai__Mumbai__y1456_x224.npz,224,1456,0.007613,sliding,0-25%,train
mumbai__Mumbai__y1456_x336,mumbai,Mumbai,patches/mumbai__Mumbai__y1456_x336.npz,patches/mumbai__Mumbai__y1456_x336.npz,336,1456,0.018595,sliding,0-25%,train
mumbai__Mumbai__y1456_x448,mumbai,Mumbai,patches/mumbai__Mumbai__y1456_x448.npz,patches/mumbai__Mumbai__y1456_x448.npz,448,1456,0.078842,sliding,0-25%,test
mumbai__Mumbai__y1456_x560,mumbai,Mumbai,patches/mumbai__Mumbai__y1456_x560.npz,patches/mumbai__Mumbai__y1456_x560.npz,560,1456,0.122788,sliding,0-25%,train
mumbai__Mumbai__y1456_x672,mumbai,Mumbai,patches/mumbai__Mumbai__y1456_x672.npz,patches/mumbai__Mumbai__y1456_x672.npz,672,1456,0.11356,sliding,0-25%,train
mumbai__Mumbai__y1456_x784,mumbai,Mumbai,patches/mumbai__Mumbai__y1456_x784.npz,patches/mumbai__Mumbai__y1456_x784.npz,784,1456,0.134088,sliding,0-25%,train
mumbai__Mumbai__y1456_x896,mumbai,Mumbai,patches/mumbai__Mumbai__y1456_x896.npz,patches/mumbai__Mumbai__y1456_x896.npz,896,1456,0.114218,sliding,0-25%,train
mumbai__Mumbai__y1456_x1008,mumbai,Mumbai,patches/mumbai__Mumbai__y1456_x1008.npz,patches/mumbai__Mumbai__y1456_x1008.npz,1008,1456,0.052595,sliding,0-25%,train
mumbai__Mumbai__y1456_x1120,mumbai,Mumbai,patches/mumbai__Mumbai__y1456_x1120.npz,patches/mumbai__Mumbai__y1456_x1120.npz,1120,1456,0.02276,sliding,0-25%,val
mumbai__Mumbai__y1456_x1232,mumbai,Mumbai,patches/mumbai__Mumbai__y1456_x1232.npz,patches/mumbai__Mumbai__y1456_x1232.npz,1232,1456,0.047672,sliding,0-25%,train
mumbai__Mumbai__y1456_x1344,mumbai,Mumbai,patches/mumbai__Mumbai__y1456_x1344.npz,patches/mumbai__Mumbai__y1456_x1344.npz,1344,1456,0.13923,sliding,0-25%,val
mumbai__Mumbai__y1456_x1456,mumbai,Mumbai,patches/mumbai__Mumbai__y1456_x1456.npz,patches/mumbai__Mumbai__y1456_x1456.npz,1456,1456,0.174685,sliding,0-25%,test
mumbai__Mumbai__y1456_x1568,mumbai,Mumbai,patches/mumbai__Mumbai__y1456_x1568.npz,patches/mumbai__Mumbai__y1456_x1568.npz,1568,1456,0.077029,sliding,0-25%,train
mumbai__Mumbai__y1456_x1680,mumbai,Mumbai,patches/mumbai__Mumbai__y1456_x1680.npz,patches/mumbai__Mumbai__y1456_x1680.npz,1680,1456,0.000996,sliding,0-25%,test
mumbai__Mumbai__y1568_x0,mumbai,Mumbai,patches/mumbai__Mumbai__y1568_x0.npz,patches/mumbai__Mumbai__y1568_x0.npz,0,1568,0.0,sliding,0% (no slum),test
mumbai__Mumbai__y1568_x112,mumbai,Mumbai,patches/mumbai__Mumbai__y1568_x112.npz,patches/mumbai__Mumbai__y1568_x112.npz,112,1568,0.0,sliding,0% (no slum),train
mumbai__Mumbai__y1568_x224,mumbai,Mumbai,patches/mumbai__Mumbai__y1568_x224.npz,patches/mumbai__Mumbai__y1568_x224.npz,224,1568,0.0,sliding,0% (no slum),train
mumbai__Mumbai__y1568_x336,mumbai,Mumbai,patches/mumbai__Mumbai__y1568_x336.npz,patches/mumbai__Mumbai__y1568_x336.npz,336,1568,0.015127,sliding,0-25%,val
mumbai__Mumbai__y1568_x448,mumbai,Mumbai,patches/mumbai__Mumbai__y1568_x448.npz,patches/mumbai__Mumbai__y1568_x448.npz,448,1568,0.073342,sliding,0-25%,train
mumbai__Mumbai__y1568_x560,mumbai,Mumbai,patches/mumbai__Mumbai__y1568_x560.npz,patches/mumbai__Mumbai__y1568_x560.npz,560,1568,0.093551,sliding,0-25%,train
mumbai__Mumbai__y1568_x672,mumbai,Mumbai,patches/mumbai__Mumbai__y1568_x672.npz,patches/mumbai__Mumbai__y1568_x672.npz,672,1568,0.073063,sliding,0-25%,train
mumbai__Mumbai__y1568_x784,mumbai,Mumbai,patches/mumbai__Mumbai__y1568_x784.npz,patches/mumbai__Mumbai__y1568_x784.npz,784,1568,0.116809,sliding,0-25%,train
mumbai__Mumbai__y1568_x896,mumbai,Mumbai,patches/mumbai__Mumbai__y1568_x896.npz,patches/mumbai__Mumbai__y1568_x896.npz,896,1568,0.127352,sliding,0-25%,train
mumbai__Mumbai__y1568_x1008,mumbai,Mumbai,patches/mumbai__Mumbai__y1568_x1008.npz,patches/mumbai__Mumbai__y1568_x1008.npz,1008,1568,0.143475,sliding,0-25%,train
mumbai__Mumbai__y1568_x1120,mumbai,Mumbai,patches/mumbai__Mumbai__y1568_x1120.npz,patches/mumbai__Mumbai__y1568_x1120.npz,1120,1568,0.126136,sliding,0-25%,train
mumbai__Mumbai__y1568_x1232,mumbai,Mumbai,patches/mumbai__Mumbai__y1568_x1232.npz,patches/mumbai__Mumbai__y1568_x1232.npz,1232,1568,0.131876,sliding,0-25%,train
mumbai__Mumbai__y1568_x1344,mumbai,Mumbai,patches/mumbai__Mumbai__y1568_x1344.npz,patches/mumbai__Mumbai__y1568_x1344.npz,1344,1568,0.19029,sliding,0-25%,train
mumbai__Mumbai__y1568_x1456,mumbai,Mumbai,patches/mumbai__Mumbai__y1568_x1456.npz,patches/mumbai__Mumbai__y1568_x1456.npz,1456,1568,0.126156,sliding,0-25%,train
mumbai__Mumbai__y1568_x1568,mumbai,Mumbai,patches/mumbai__Mumbai__y1568_x1568.npz,patches/mumbai__Mumbai__y1568_x1568.npz,1568,1568,0.037807,sliding,0-25%,train
mumbai__Mumbai__y1568_x1680,mumbai,Mumbai,patches/mumbai__Mumbai__y1568_x1680.npz,patches/mumbai__Mumbai__y1568_x1680.npz,1680,1568,0.000996,sliding,0-25%,train
mumbai__Mumbai__y1680_x0,mumbai,Mumbai,patches/mumbai__Mumbai__y1680_x0.npz,patches/mumbai__Mumbai__y1680_x0.npz,0,1680,0.0,sliding,0% (no slum),train
mumbai__Mumbai__y1680_x112,mumbai,Mumbai,patches/mumbai__Mumbai__y1680_x112.npz,patches/mumbai__Mumbai__y1680_x112.npz,112,1680,0.0,sliding,0% (no slum),train
mumbai__Mumbai__y1680_x224,mumbai,Mumbai,patches/mumbai__Mumbai__y1680_x224.npz,patches/mumbai__Mumbai__y1680_x224.npz,224,1680,0.0,sliding,0% (no slum),train
mumbai__Mumbai__y1680_x336,mumbai,Mumbai,patches/mumbai__Mumbai__y1680_x336.npz,patches/mumbai__Mumbai__y1680_x336.npz,336,1680,0.017738,sliding,0-25%,train
mumbai__Mumbai__y1680_x448,mumbai,Mumbai,patches/mumbai__Mumbai__y1680_x448.npz,patches/mumbai__Mumbai__y1680_x448.npz,448,1680,0.05399,sliding,0-25%,train
mumbai__Mumbai__y1680_x560,mumbai,Mumbai,patches/mumbai__Mumbai__y1680_x560.npz,patches/mumbai__Mumbai__y1680_x560.npz,560,1680,0.072146,sliding,0-25%,train
mumbai__Mumbai__y1680_x672,mumbai,Mumbai,patches/mumbai__Mumbai__y1680_x672.npz,patches/mumbai__Mumbai__y1680_x672.npz,672,1680,0.081075,sliding,0-25%,train
mumbai__Mumbai__y1680_x784,mumbai,Mumbai,patches/mumbai__Mumbai__y1680_x784.npz,patches/mumbai__Mumbai__y1680_x784.npz,784,1680,0.092634,sliding,0-25%,train
mumbai__Mumbai__y1680_x896,mumbai,Mumbai,patches/mumbai__Mumbai__y1680_x896.npz,patches/mumbai__Mumbai__y1680_x896.npz,896,1680,0.163564,sliding,0-25%,train
mumbai__Mumbai__y1680_x1008,mumbai,Mumbai,patches/mumbai__Mumbai__y1680_x1008.npz,patches/mumbai__Mumbai__y1680_x1008.npz,1008,1680,0.357781,sliding,25-50%,train
mumbai__Mumbai__y1680_x1120,mumbai,Mumbai,patches/mumbai__Mumbai__y1680_x1120.npz,patches/mumbai__Mumbai__y1680_x1120.npz,1120,1680,0.35236,sliding,25-50%,train
mumbai__Mumbai__y1680_x1232,mumbai,Mumbai,patches/mumbai__Mumbai__y1680_x1232.npz,patches/mumbai__Mumbai__y1680_x1232.npz,1232,1680,0.207569,sliding,0-25%,val
mumbai__Mumbai__y1680_x1344,mumbai,Mumbai,patches/mumbai__Mumbai__y1680_x1344.npz,patches/mumbai__Mumbai__y1680_x1344.npz,1344,1680,0.103117,sliding,0-25%,train
mumbai__Mumbai__y1680_x1456,mumbai,Mumbai,patches/mumbai__Mumbai__y1680_x1456.npz,patches/mumbai__Mumbai__y1680_x1456.npz,1456,1680,0.009128,sliding,0-25%,train
mumbai__Mumbai__y1680_x1568,mumbai,Mumbai,patches/mumbai__Mumbai__y1680_x1568.npz,patches/mumbai__Mumbai__y1680_x1568.npz,1568,1680,0.00289,sliding,0-25%,train
mumbai__Mumbai__y1680_x1680,mumbai,Mumbai,patches/mumbai__Mumbai__y1680_x1680.npz,patches/mumbai__Mumbai__y1680_x1680.npz,1680,1680,0.0,sliding,0% (no slum),train
mumbai__Mumbai__y1792_x0,mumbai,Mumbai,patches/mumbai__Mumbai__y1792_x0.npz,patches/mumbai__Mumbai__y1792_x0.npz,0,1792,0.0,sliding,0% (no slum),train
mumbai__Mumbai__y1792_x112,mumbai,Mumbai,patches/mumbai__Mumbai__y1792_x112.npz,patches/mumbai__Mumbai__y1792_x112.npz,112,1792,0.0,sliding,0% (no slum),train
mumbai__Mumbai__y1792_x224,mumbai,Mumbai,patches/mumbai__Mumbai__y1792_x224.npz,patches/mumbai__Mumbai__y1792_x224.npz,224,1792,0.0,sliding,0% (no slum),train
mumbai__Mumbai__y1792_x336,mumbai,Mumbai,patches/mumbai__Mumbai__y1792_x336.npz,patches/mumbai__Mumbai__y1792_x336.npz,336,1792,0.02272,sliding,0-25%,train
mumbai__Mumbai__y1792_x448,mumbai,Mumbai,patches/mumbai__Mumbai__y1792_x448.npz,patches/mumbai__Mumbai__y1792_x448.npz,448,1792,0.074757,sliding,0-25%,train
mumbai__Mumbai__y1792_x560,mumbai,Mumbai,patches/mumbai__Mumbai__y1792_x560.npz,patches/mumbai__Mumbai__y1792_x560.npz,560,1792,0.115653,sliding,0-25%,train
mumbai__Mumbai__y1792_x672,mumbai,Mumbai,patches/mumbai__Mumbai__y1792_x672.npz,patches/mumbai__Mumbai__y1792_x672.npz,672,1792,0.083187,sliding,0-25%,train
mumbai__Mumbai__y1792_x784,mumbai,Mumbai,patches/mumbai__Mumbai__y1792_x784.npz,patches/mumbai__Mumbai__y1792_x784.npz,784,1792,0.029955,sliding,0-25%,train
mumbai__Mumbai__y1792_x896,mumbai,Mumbai,patches/mumbai__Mumbai__y1792_x896.npz,patches/mumbai__Mumbai__y1792_x896.npz,896,1792,0.178093,sliding,0-25%,train
mumbai__Mumbai__y1792_x1008,mumbai,Mumbai,patches/mumbai__Mumbai__y1792_x1008.npz,patches/mumbai__Mumbai__y1792_x1008.npz,1008,1792,0.391522,sliding,25-50%,train
mumbai__Mumbai__y1792_x1120,mumbai,Mumbai,patches/mumbai__Mumbai__y1792_x1120.npz,patches/mumbai__Mumbai__y1792_x1120.npz,1120,1792,0.320572,sliding,25-50%,val
mumbai__Mumbai__y1792_x1232,mumbai,Mumbai,patches/mumbai__Mumbai__y1792_x1232.npz,patches/mumbai__Mumbai__y1792_x1232.npz,1232,1792,0.139529,sliding,0-25%,val
mumbai__Mumbai__y1792_x1344,mumbai,Mumbai,patches/mumbai__Mumbai__y1792_x1344.npz,patches/mumbai__Mumbai__y1792_x1344.npz,1344,1792,0.042769,sliding,0-25%,train
mumbai__Mumbai__y1792_x1456,mumbai,Mumbai,patches/mumbai__Mumbai__y1792_x1456.npz,patches/mumbai__Mumbai__y1792_x1456.npz,1456,1792,0.0,sliding,0% (no slum),train
mumbai__Mumbai__y1792_x1568,mumbai,Mumbai,patches/mumbai__Mumbai__y1792_x1568.npz,patches/mumbai__Mumbai__y1792_x1568.npz,1568,1792,0.0,sliding,0% (no slum),train
mumbai__Mumbai__y1792_x1680,mumbai,Mumbai,patches/mumbai__Mumbai__y1792_x1680.npz,patches/mumbai__Mumbai__y1792_x1680.npz,1680,1792,0.0,sliding,0% (no slum),train
mumbai__Mumbai__y1904_x0,mumbai,Mumbai,patches/mumbai__Mumbai__y1904_x0.npz,patches/mumbai__Mumbai__y1904_x0.npz,0,1904,0.0,sliding,0% (no slum),test
mumbai__Mumbai__y1904_x112,mumbai,Mumbai,patches/mumbai__Mumbai__y1904_x112.npz,patches/mumbai__Mumbai__y1904_x112.npz,112,1904,0.0,sliding,0% (no slum),train
mumbai__Mumbai__y1904_x224,mumbai,Mumbai,patches/mumbai__Mumbai__y1904_x224.npz,patches/mumbai__Mumbai__y1904_x224.npz,224,1904,0.003528,sliding,0-25%,val
mumbai__Mumbai__y1904_x336,mumbai,Mumbai,patches/mumbai__Mumbai__y1904_x336.npz,patches/mumbai__Mumbai__y1904_x336.npz,336,1904,0.042929,sliding,0-25%,test
mumbai__Mumbai__y1904_x448,mumbai,Mumbai,patches/mumbai__Mumbai__y1904_x448.npz,patches/mumbai__Mumbai__y1904_x448.npz,448,1904,0.117486,sliding,0-25%,train
mumbai__Mumbai__y1904_x560,mumbai,Mumbai,patches/mumbai__Mumbai__y1904_x560.npz,patches/mumbai__Mumbai__y1904_x560.npz,560,1904,0.152982,sliding,0-25%,test
mumbai__Mumbai__y1904_x672,mumbai,Mumbai,patches/mumbai__Mumbai__y1904_x672.npz,patches/mumbai__Mumbai__y1904_x672.npz,672,1904,0.10238,sliding,0-25%,val
mumbai__Mumbai__y1904_x784,mumbai,Mumbai,patches/mumbai__Mumbai__y1904_x784.npz,patches/mumbai__Mumbai__y1904_x784.npz,784,1904,0.098553,sliding,0-25%,test
mumbai__Mumbai__y1904_x896,mumbai,Mumbai,patches/mumbai__Mumbai__y1904_x896.npz,patches/mumbai__Mumbai__y1904_x896.npz,896,1904,0.177555,sliding,0-25%,train
mumbai__Mumbai__y1904_x1008,mumbai,Mumbai,patches/mumbai__Mumbai__y1904_x1008.npz,patches/mumbai__Mumbai__y1904_x1008.npz,1008,1904,0.18748,sliding,0-25%,train
mumbai__Mumbai__y1904_x1120,mumbai,Mumbai,patches/mumbai__Mumbai__y1904_x1120.npz,patches/mumbai__Mumbai__y1904_x1120.npz,1120,1904,0.098174,sliding,0-25%,train
mumbai__Mumbai__y1904_x1232,mumbai,Mumbai,patches/mumbai__Mumbai__y1904_x1232.npz,patches/mumbai__Mumbai__y1904_x1232.npz,1232,1904,0.116051,sliding,0-25%,train
mumbai__Mumbai__y1904_x1344,mumbai,Mumbai,patches/mumbai__Mumbai__y1904_x1344.npz,patches/mumbai__Mumbai__y1904_x1344.npz,1344,1904,0.098872,sliding,0-25%,train
mumbai__Mumbai__y1904_x1456,mumbai,Mumbai,patches/mumbai__Mumbai__y1904_x1456.npz,patches/mumbai__Mumbai__y1904_x1456.npz,1456,1904,0.0,sliding,0% (no slum),train
mumbai__Mumbai__y1904_x1568,mumbai,Mumbai,patches/mumbai__Mumbai__y1904_x1568.npz,patches/mumbai__Mumbai__y1904_x1568.npz,1568,1904,0.0,sliding,0% (no slum),test
mumbai__Mumbai__y1904_x1680,mumbai,Mumbai,patches/mumbai__Mumbai__y1904_x1680.npz,patches/mumbai__Mumbai__y1904_x1680.npz,1680,1904,0.0,sliding,0% (no slum),test
mumbai__Mumbai__y2016_x0,mumbai,Mumbai,patches/mumbai__Mumbai__y2016_x0.npz,patches/mumbai__Mumbai__y2016_x0.npz,0,2016,0.0,sliding,0% (no slum),train
mumbai__Mumbai__y2016_x112,mumbai,Mumbai,patches/mumbai__Mumbai__y2016_x112.npz,patches/mumbai__Mumbai__y2016_x112.npz,112,2016,0.0,sliding,0% (no slum),train
mumbai__Mumbai__y2016_x224,mumbai,Mumbai,patches/mumbai__Mumbai__y2016_x224.npz,patches/mumbai__Mumbai__y2016_x224.npz,224,2016,0.004086,sliding,0-25%,test
mumbai__Mumbai__y2016_x336,mumbai,Mumbai,patches/mumbai__Mumbai__y2016_x336.npz,patches/mumbai__Mumbai__y2016_x336.npz,336,2016,0.033064,sliding,0-25%,train
mumbai__Mumbai__y2016_x448,mumbai,Mumbai,patches/mumbai__Mumbai__y2016_x448.npz,patches/mumbai__Mumbai__y2016_x448.npz,448,2016,0.123864,sliding,0-25%,train
mumbai__Mumbai__y2016_x560,mumbai,Mumbai,patches/mumbai__Mumbai__y2016_x560.npz,patches/mumbai__Mumbai__y2016_x560.npz,560,2016,0.155891,sliding,0-25%,train
mumbai__Mumbai__y2016_x672,mumbai,Mumbai,patches/mumbai__Mumbai__y2016_x672.npz,patches/mumbai__Mumbai__y2016_x672.npz,672,2016,0.089246,sliding,0-25%,train
mumbai__Mumbai__y2016_x784,mumbai,Mumbai,patches/mumbai__Mumbai__y2016_x784.npz,patches/mumbai__Mumbai__y2016_x784.npz,784,2016,0.138054,sliding,0-25%,train
mumbai__Mumbai__y2016_x896,mumbai,Mumbai,patches/mumbai__Mumbai__y2016_x896.npz,patches/mumbai__Mumbai__y2016_x896.npz,896,2016,0.165338,sliding,0-25%,test
mumbai__Mumbai__y2016_x1008,mumbai,Mumbai,patches/mumbai__Mumbai__y2016_x1008.npz,patches/mumbai__Mumbai__y2016_x1008.npz,1008,2016,0.086615,sliding,0-25%,test
mumbai__Mumbai__y2016_x1120,mumbai,Mumbai,patches/mumbai__Mumbai__y2016_x1120.npz,patches/mumbai__Mumbai__y2016_x1120.npz,1120,2016,0.078344,sliding,0-25%,train
mumbai__Mumbai__y2016_x1232,mumbai,Mumbai,patches/mumbai__Mumbai__y2016_x1232.npz,patches/mumbai__Mumbai__y2016_x1232.npz,1232,2016,0.197166,sliding,0-25%,train
mumbai__Mumbai__y2016_x1344,mumbai,Mumbai,patches/mumbai__Mumbai__y2016_x1344.npz,patches/mumbai__Mumbai__y2016_x1344.npz,1344,2016,0.236866,sliding,0-25%,test
mumbai__Mumbai__y2016_x1456,mumbai,Mumbai,patches/mumbai__Mumbai__y2016_x1456.npz,patches/mumbai__Mumbai__y2016_x1456.npz,1456,2016,0.086954,sliding,0-25%,val
mumbai__Mumbai__y2016_x1568,mumbai,Mumbai,patches/mumbai__Mumbai__y2016_x1568.npz,patches/mumbai__Mumbai__y2016_x1568.npz,1568,2016,0.0,sliding,0% (no slum),train
mumbai__Mumbai__y2016_x1680,mumbai,Mumbai,patches/mumbai__Mumbai__y2016_x1680.npz,patches/mumbai__Mumbai__y2016_x1680.npz,1680,2016,0.0,sliding,0% (no slum),test
mumbai__Mumbai__y2128_x0,mumbai,Mumbai,patches/mumbai__Mumbai__y2128_x0.npz,patches/mumbai__Mumbai__y2128_x0.npz,0,2128,0.0,sliding,0% (no slum),train
mumbai__Mumbai__y2128_x112,mumbai,Mumbai,patches/mumbai__Mumbai__y2128_x112.npz,patches/mumbai__Mumbai__y2128_x112.npz,112,2128,0.0,sliding,0% (no slum),train
mumbai__Mumbai__y2128_x224,mumbai,Mumbai,patches/mumbai__Mumbai__y2128_x224.npz,patches/mumbai__Mumbai__y2128_x224.npz,224,2128,0.002989,sliding,0-25%,train
mumbai__Mumbai__y2128_x336,mumbai,Mumbai,patches/mumbai__Mumbai__y2128_x336.npz,patches/mumbai__Mumbai__y2128_x336.npz,336,2128,0.011958,sliding,0-25%,train
mumbai__Mumbai__y2128_x448,mumbai,Mumbai,patches/mumbai__Mumbai__y2128_x448.npz,patches/mumbai__Mumbai__y2128_x448.npz,448,2128,0.091319,sliding,0-25%,val
mumbai__Mumbai__y2128_x560,mumbai,Mumbai,patches/mumbai__Mumbai__y2128_x560.npz,patches/mumbai__Mumbai__y2128_x560.npz,560,2128,0.117546,sliding,0-25%,test
mumbai__Mumbai__y2128_x672,mumbai,Mumbai,patches/mumbai__Mumbai__y2128_x672.npz,patches/mumbai__Mumbai__y2128_x672.npz,672,2128,0.041873,sliding,0-25%,train
mumbai__Mumbai__y2128_x784,mumbai,Mumbai,patches/mumbai__Mumbai__y2128_x784.npz,patches/mumbai__Mumbai__y2128_x784.npz,784,2128,0.102699,sliding,0-25%,val
mumbai__Mumbai__y2128_x896,mumbai,Mumbai,patches/mumbai__Mumbai__y2128_x896.npz,patches/mumbai__Mumbai__y2128_x896.npz,896,2128,0.165238,sliding,0-25%,train
mumbai__Mumbai__y2128_x1008,mumbai,Mumbai,patches/mumbai__Mumbai__y2128_x1008.npz,patches/mumbai__Mumbai__y2128_x1008.npz,1008,2128,0.108877,sliding,0-25%,test
mumbai__Mumbai__y2128_x1120,mumbai,Mumbai,patches/mumbai__Mumbai__y2128_x1120.npz,patches/mumbai__Mumbai__y2128_x1120.npz,1120,2128,0.140107,sliding,0-25%,test
mumbai__Mumbai__y2128_x1232,mumbai,Mumbai,patches/mumbai__Mumbai__y2128_x1232.npz,patches/mumbai__Mumbai__y2128_x1232.npz,1232,2128,0.225187,sliding,0-25%,train
mumbai__Mumbai__y2128_x1344,mumbai,Mumbai,patches/mumbai__Mumbai__y2128_x1344.npz,patches/mumbai__Mumbai__y2128_x1344.npz,1344,2128,0.29833,sliding,25-50%,train
mumbai__Mumbai__y2128_x1456,mumbai,Mumbai,patches/mumbai__Mumbai__y2128_x1456.npz,patches/mumbai__Mumbai__y2128_x1456.npz,1456,2128,0.231944,sliding,0-25%,test
mumbai__Mumbai__y2128_x1568,mumbai,Mumbai,patches/mumbai__Mumbai__y2128_x1568.npz,patches/mumbai__Mumbai__y2128_x1568.npz,1568,2128,0.058355,sliding,0-25%,train
mumbai__Mumbai__y2128_x1680,mumbai,Mumbai,patches/mumbai__Mumbai__y2128_x1680.npz,patches/mumbai__Mumbai__y2128_x1680.npz,1680,2128,0.0,sliding,0% (no slum),train
mumbai__Mumbai__y2240_x0,mumbai,Mumbai,patches/mumbai__Mumbai__y2240_x0.npz,patches/mumbai__Mumbai__y2240_x0.npz,0,2240,0.0,sliding,0% (no slum),train
mumbai__Mumbai__y2240_x112,mumbai,Mumbai,patches/mumbai__Mumbai__y2240_x112.npz,patches/mumbai__Mumbai__y2240_x112.npz,112,2240,0.0,sliding,0% (no slum),train
mumbai__Mumbai__y2240_x224,mumbai,Mumbai,patches/mumbai__Mumbai__y2240_x224.npz,patches/mumbai__Mumbai__y2240_x224.npz,224,2240,0.011659,sliding,0-25%,train
mumbai__Mumbai__y2240_x336,mumbai,Mumbai,patches/mumbai__Mumbai__y2240_x336.npz,patches/mumbai__Mumbai__y2240_x336.npz,336,2240,0.020926,sliding,0-25%,val
mumbai__Mumbai__y2240_x448,mumbai,Mumbai,patches/mumbai__Mumbai__y2240_x448.npz,patches/mumbai__Mumbai__y2240_x448.npz,448,2240,0.065649,sliding,0-25%,train
mumbai__Mumbai__y2240_x560,mumbai,Mumbai,patches/mumbai__Mumbai__y2240_x560.npz,patches/mumbai__Mumbai__y2240_x560.npz,560,2240,0.163265,sliding,0-25%,test
mumbai__Mumbai__y2240_x672,mumbai,Mumbai,patches/mumbai__Mumbai__y2240_x672.npz,patches/mumbai__Mumbai__y2240_x672.npz,672,2240,0.15635,sliding,0-25%,train
mumbai__Mumbai__y2240_x784,mumbai,Mumbai,patches/mumbai__Mumbai__y2240_x784.npz,patches/mumbai__Mumbai__y2240_x784.npz,784,2240,0.116171,sliding,0-25%,train
mumbai__Mumbai__y2240_x896,mumbai,Mumbai,patches/mumbai__Mumbai__y2240_x896.npz,patches/mumbai__Mumbai__y2240_x896.npz,896,2240,0.130281,sliding,0-25%,val
mumbai__Mumbai__y2240_x1008,mumbai,Mumbai,patches/mumbai__Mumbai__y2240_x1008.npz,patches/mumbai__Mumbai__y2240_x1008.npz,1008,2240,0.130242,sliding,0-25%,test
mumbai__Mumbai__y2240_x1120,mumbai,Mumbai,patches/mumbai__Mumbai__y2240_x1120.npz,patches/mumbai__Mumbai__y2240_x1120.npz,1120,2240,0.133769,sliding,0-25%,train
mumbai__Mumbai__y2240_x1232,mumbai,Mumbai,patches/mumbai__Mumbai__y2240_x1232.npz,patches/mumbai__Mumbai__y2240_x1232.npz,1232,2240,0.117765,sliding,0-25%,train
mumbai__Mumbai__y2240_x1344,mumbai,Mumbai,patches/mumbai__Mumbai__y2240_x1344.npz,patches/mumbai__Mumbai__y2240_x1344.npz,1344,2240,0.17036,sliding,0-25%,val
mumbai__Mumbai__y2240_x1456,mumbai,Mumbai,patches/mumbai__Mumbai__y2240_x1456.npz,patches/mumbai__Mumbai__y2240_x1456.npz,1456,2240,0.214146,sliding,0-25%,test
mumbai__Mumbai__y2240_x1568,mumbai,Mumbai,patches/mumbai__Mumbai__y2240_x1568.npz,patches/mumbai__Mumbai__y2240_x1568.npz,1568,2240,0.096062,sliding,0-25%,train
mumbai__Mumbai__y2240_x1680,mumbai,Mumbai,patches/mumbai__Mumbai__y2240_x1680.npz,patches/mumbai__Mumbai__y2240_x1680.npz,1680,2240,0.001614,sliding,0-25%,train
mumbai__Mumbai__y2352_x0,mumbai,Mumbai,patches/mumbai__Mumbai__y2352_x0.npz,patches/mumbai__Mumbai__y2352_x0.npz,0,2352,0.0,sliding,0% (no slum),train
mumbai__Mumbai__y2352_x112,mumbai,Mumbai,patches/mumbai__Mumbai__y2352_x112.npz,patches/mumbai__Mumbai__y2352_x112.npz,112,2352,0.0,sliding,0% (no slum),train
mumbai__Mumbai__y2352_x224,mumbai,Mumbai,patches/mumbai__Mumbai__y2352_x224.npz,patches/mumbai__Mumbai__y2352_x224.npz,224,2352,0.009228,sliding,0-25%,train
mumbai__Mumbai__y2352_x336,mumbai,Mumbai,patches/mumbai__Mumbai__y2352_x336.npz,patches/mumbai__Mumbai__y2352_x336.npz,336,2352,0.014429,sliding,0-25%,val
mumbai__Mumbai__y2352_x448,mumbai,Mumbai,patches/mumbai__Mumbai__y2352_x448.npz,patches/mumbai__Mumbai__y2352_x448.npz,448,2352,0.035953,sliding,0-25%,train
mumbai__Mumbai__y2352_x560,mumbai,Mumbai,patches/mumbai__Mumbai__y2352_x560.npz,patches/mumbai__Mumbai__y2352_x560.npz,560,2352,0.199737,sliding,0-25%,train
mumbai__Mumbai__y2352_x672,mumbai,Mumbai,patches/mumbai__Mumbai__y2352_x672.npz,patches/mumbai__Mumbai__y2352_x672.npz,672,2352,0.24143,sliding,0-25%,val
mumbai__Mumbai__y2352_x784,mumbai,Mumbai,patches/mumbai__Mumbai__y2352_x784.npz,patches/mumbai__Mumbai__y2352_x784.npz,784,2352,0.121672,sliding,0-25%,train
mumbai__Mumbai__y2352_x896,mumbai,Mumbai,patches/mumbai__Mumbai__y2352_x896.npz,patches/mumbai__Mumbai__y2352_x896.npz,896,2352,0.067363,sliding,0-25%,train
mumbai__Mumbai__y2352_x1008,mumbai,Mumbai,patches/mumbai__Mumbai__y2352_x1008.npz,patches/mumbai__Mumbai__y2352_x1008.npz,1008,2352,0.085419,sliding,0-25%,train
mumbai__Mumbai__y2352_x1120,mumbai,Mumbai,patches/mumbai__Mumbai__y2352_x1120.npz,patches/mumbai__Mumbai__y2352_x1120.npz,1120,2352,0.112903,sliding,0-25%,train
mumbai__Mumbai__y2352_x1232,mumbai,Mumbai,patches/mumbai__Mumbai__y2352_x1232.npz,patches/mumbai__Mumbai__y2352_x1232.npz,1232,2352,0.04837,sliding,0-25%,val
mumbai__Mumbai__y2352_x1344,mumbai,Mumbai,patches/mumbai__Mumbai__y2352_x1344.npz,patches/mumbai__Mumbai__y2352_x1344.npz,1344,2352,0.035814,sliding,0-25%,train
mumbai__Mumbai__y2352_x1456,mumbai,Mumbai,patches/mumbai__Mumbai__y2352_x1456.npz,patches/mumbai__Mumbai__y2352_x1456.npz,1456,2352,0.069396,sliding,0-25%,test
mumbai__Mumbai__y2352_x1568,mumbai,Mumbai,patches/mumbai__Mumbai__y2352_x1568.npz,patches/mumbai__Mumbai__y2352_x1568.npz,1568,2352,0.098154,sliding,0-25%,val
mumbai__Mumbai__y2352_x1680,mumbai,Mumbai,patches/mumbai__Mumbai__y2352_x1680.npz,patches/mumbai__Mumbai__y2352_x1680.npz,1680,2352,0.061822,sliding,0-25%,train
mumbai__Mumbai__y2464_x0,mumbai,Mumbai,patches/mumbai__Mumbai__y2464_x0.npz,patches/mumbai__Mumbai__y2464_x0.npz,0,2464,0.0,sliding,0% (no slum),train
mumbai__Mumbai__y2464_x112,mumbai,Mumbai,patches/mumbai__Mumbai__y2464_x112.npz,patches/mumbai__Mumbai__y2464_x112.npz,112,2464,0.0,sliding,0% (no slum),train
mumbai__Mumbai__y2464_x224,mumbai,Mumbai,patches/mumbai__Mumbai__y2464_x224.npz,patches/mumbai__Mumbai__y2464_x224.npz,224,2464,0.0,sliding,0% (no slum),train
mumbai__Mumbai__y2464_x336,mumbai,Mumbai,patches/mumbai__Mumbai__y2464_x336.npz,patches/mumbai__Mumbai__y2464_x336.npz,336,2464,0.0,sliding,0% (no slum),train
mumbai__Mumbai__y2464_x448,mumbai,Mumbai,patches/mumbai__Mumbai__y2464_x448.npz,patches/mumbai__Mumbai__y2464_x448.npz,448,2464,0.003408,sliding,0-25%,train
mumbai__Mumbai__y2464_x560,mumbai,Mumbai,patches/mumbai__Mumbai__y2464_x560.npz,patches/mumbai__Mumbai__y2464_x560.npz,560,2464,0.066745,sliding,0-25%,train
mumbai__Mumbai__y2464_x672,mumbai,Mumbai,patches/mumbai__Mumbai__y2464_x672.npz,patches/mumbai__Mumbai__y2464_x672.npz,672,2464,0.120157,sliding,0-25%,train
mumbai__Mumbai__y2464_x784,mumbai,Mumbai,patches/mumbai__Mumbai__y2464_x784.npz,patches/mumbai__Mumbai__y2464_x784.npz,784,2464,0.15328,sliding,0-25%,val
mumbai__Mumbai__y2464_x896,mumbai,Mumbai,patches/mumbai__Mumbai__y2464_x896.npz,patches/mumbai__Mumbai__y2464_x896.npz,896,2464,0.099629,sliding,0-25%,train
mumbai__Mumbai__y2464_x1008,mumbai,Mumbai,patches/mumbai__Mumbai__y2464_x1008.npz,patches/mumbai__Mumbai__y2464_x1008.npz,1008,2464,0.032207,sliding,0-25%,val
mumbai__Mumbai__y2464_x1120,mumbai,Mumbai,patches/mumbai__Mumbai__y2464_x1120.npz,patches/mumbai__Mumbai__y2464_x1120.npz,1120,2464,0.097736,sliding,0-25%,train
mumbai__Mumbai__y2464_x1232,mumbai,Mumbai,patches/mumbai__Mumbai__y2464_x1232.npz,patches/mumbai__Mumbai__y2464_x1232.npz,1232,2464,0.068698,sliding,0-25%,train
mumbai__Mumbai__y2464_x1344,mumbai,Mumbai,patches/mumbai__Mumbai__y2464_x1344.npz,patches/mumbai__Mumbai__y2464_x1344.npz,1344,2464,0.0,sliding,0% (no slum),val
mumbai__Mumbai__y2464_x1456,mumbai,Mumbai,patches/mumbai__Mumbai__y2464_x1456.npz,patches/mumbai__Mumbai__y2464_x1456.npz,1456,2464,0.000239,sliding,0-25%,train
mumbai__Mumbai__y2464_x1568,mumbai,Mumbai,patches/mumbai__Mumbai__y2464_x1568.npz,patches/mumbai__Mumbai__y2464_x1568.npz,1568,2464,0.060447,sliding,0-25%,test
mumbai__Mumbai__y2464_x1680,mumbai,Mumbai,patches/mumbai__Mumbai__y2464_x1680.npz,patches/mumbai__Mumbai__y2464_x1680.npz,1680,2464,0.060208,sliding,0-25%,train
mumbai__Mumbai__y2576_x0,mumbai,Mumbai,patches/mumbai__Mumbai__y2576_x0.npz,patches/mumbai__Mumbai__y2576_x0.npz,0,2576,0.0,sliding,0% (no slum),train
mumbai__Mumbai__y2576_x112,mumbai,Mumbai,patches/mumbai__Mumbai__y2576_x112.npz,patches/mumbai__Mumbai__y2576_x112.npz,112,2576,0.001116,sliding,0-25%,val
mumbai__Mumbai__y2576_x224,mumbai,Mumbai,patches/mumbai__Mumbai__y2576_x224.npz,patches/mumbai__Mumbai__y2576_x224.npz,224,2576,0.016402,sliding,0-25%,val
mumbai__Mumbai__y2576_x336,mumbai,Mumbai,patches/mumbai__Mumbai__y2576_x336.npz,patches/mumbai__Mumbai__y2576_x336.npz,336,2576,0.020249,sliding,0-25%,train
mumbai__Mumbai__y2576_x448,mumbai,Mumbai,patches/mumbai__Mumbai__y2576_x448.npz,patches/mumbai__Mumbai__y2576_x448.npz,448,2576,0.007733,sliding,0-25%,test
mumbai__Mumbai__y2576_x560,mumbai,Mumbai,patches/mumbai__Mumbai__y2576_x560.npz,patches/mumbai__Mumbai__y2576_x560.npz,560,2576,0.01411,sliding,0-25%,train
mumbai__Mumbai__y2576_x672,mumbai,Mumbai,patches/mumbai__Mumbai__y2576_x672.npz,patches/mumbai__Mumbai__y2576_x672.npz,672,2576,0.085579,sliding,0-25%,train
mumbai__Mumbai__y2576_x784,mumbai,Mumbai,patches/mumbai__Mumbai__y2576_x784.npz,patches/mumbai__Mumbai__y2576_x784.npz,784,2576,0.148856,sliding,0-25%,val
mumbai__Mumbai__y2576_x896,mumbai,Mumbai,patches/mumbai__Mumbai__y2576_x896.npz,patches/mumbai__Mumbai__y2576_x896.npz,896,2576,0.078703,sliding,0-25%,val
mumbai__Mumbai__y2576_x1008,mumbai,Mumbai,patches/mumbai__Mumbai__y2576_x1008.npz,patches/mumbai__Mumbai__y2576_x1008.npz,1008,2576,0.01136,sliding,0-25%,train
mumbai__Mumbai__y2576_x1120,mumbai,Mumbai,patches/mumbai__Mumbai__y2576_x1120.npz,patches/mumbai__Mumbai__y2576_x1120.npz,1120,2576,0.041335,sliding,0-25%,train
mumbai__Mumbai__y2576_x1232,mumbai,Mumbai,patches/mumbai__Mumbai__y2576_x1232.npz,patches/mumbai__Mumbai__y2576_x1232.npz,1232,2576,0.03406,sliding,0-25%,train
mumbai__Mumbai__y2576_x1344,mumbai,Mumbai,patches/mumbai__Mumbai__y2576_x1344.npz,patches/mumbai__Mumbai__y2576_x1344.npz,1344,2576,0.0,sliding,0% (no slum),val
mumbai__Mumbai__y2576_x1456,mumbai,Mumbai,patches/mumbai__Mumbai__y2576_x1456.npz,patches/mumbai__Mumbai__y2576_x1456.npz,1456,2576,0.0,sliding,0% (no slum),val
mumbai__Mumbai__y2576_x1568,mumbai,Mumbai,patches/mumbai__Mumbai__y2576_x1568.npz,patches/mumbai__Mumbai__y2576_x1568.npz,1568,2576,0.0,sliding,0% (no slum),train
mumbai__Mumbai__y2576_x1680,mumbai,Mumbai,patches/mumbai__Mumbai__y2576_x1680.npz,patches/mumbai__Mumbai__y2576_x1680.npz,1680,2576,0.0,sliding,0% (no slum),train
mumbai__Mumbai__y2688_x0,mumbai,Mumbai,patches/mumbai__Mumbai__y2688_x0.npz,patches/mumbai__Mumbai__y2688_x0.npz,0,2688,0.0,sliding,0% (no slum),val
mumbai__Mumbai__y2688_x112,mumbai,Mumbai,patches/mumbai__Mumbai__y2688_x112.npz,patches/mumbai__Mumbai__y2688_x112.npz,112,2688,0.002491,sliding,0-25%,val
mumbai__Mumbai__y2688_x224,mumbai,Mumbai,patches/mumbai__Mumbai__y2688_x224.npz,patches/mumbai__Mumbai__y2688_x224.npz,224,2688,0.022461,sliding,0-25%,val
mumbai__Mumbai__y2688_x336,mumbai,Mumbai,patches/mumbai__Mumbai__y2688_x336.npz,patches/mumbai__Mumbai__y2688_x336.npz,336,2688,0.032187,sliding,0-25%,train
mumbai__Mumbai__y2688_x448,mumbai,Mumbai,patches/mumbai__Mumbai__y2688_x448.npz,patches/mumbai__Mumbai__y2688_x448.npz,448,2688,0.02274,sliding,0-25%,train
mumbai__Mumbai__y2688_x560,mumbai,Mumbai,patches/mumbai__Mumbai__y2688_x560.npz,patches/mumbai__Mumbai__y2688_x560.npz,560,2688,0.048449,sliding,0-25%,train
mumbai__Mumbai__y2688_x672,mumbai,Mumbai,patches/mumbai__Mumbai__y2688_x672.npz,patches/mumbai__Mumbai__y2688_x672.npz,672,2688,0.083945,sliding,0-25%,train
mumbai__Mumbai__y2688_x784,mumbai,Mumbai,patches/mumbai__Mumbai__y2688_x784.npz,patches/mumbai__Mumbai__y2688_x784.npz,784,2688,0.057976,sliding,0-25%,train
mumbai__Mumbai__y2688_x896,mumbai,Mumbai,patches/mumbai__Mumbai__y2688_x896.npz,patches/mumbai__Mumbai__y2688_x896.npz,896,2688,0.012875,sliding,0-25%,train
mumbai__Mumbai__y2688_x1008,mumbai,Mumbai,patches/mumbai__Mumbai__y2688_x1008.npz,patches/mumbai__Mumbai__y2688_x1008.npz,1008,2688,0.001315,sliding,0-25%,train
mumbai__Mumbai__y2688_x1120,mumbai,Mumbai,patches/mumbai__Mumbai__y2688_x1120.npz,patches/mumbai__Mumbai__y2688_x1120.npz,1120,2688,0.00283,sliding,0-25%,train
mumbai__Mumbai__y2688_x1232,mumbai,Mumbai,patches/mumbai__Mumbai__y2688_x1232.npz,patches/mumbai__Mumbai__y2688_x1232.npz,1232,2688,0.002431,sliding,0-25%,train
mumbai__Mumbai__y2688_x1344,mumbai,Mumbai,patches/mumbai__Mumbai__y2688_x1344.npz,patches/mumbai__Mumbai__y2688_x1344.npz,1344,2688,0.0,sliding,0% (no slum),val
mumbai__Mumbai__y2688_x1456,mumbai,Mumbai,patches/mumbai__Mumbai__y2688_x1456.npz,patches/mumbai__Mumbai__y2688_x1456.npz,1456,2688,0.0,sliding,0% (no slum),train
mumbai__Mumbai__y2688_x1568,mumbai,Mumbai,patches/mumbai__Mumbai__y2688_x1568.npz,patches/mumbai__Mumbai__y2688_x1568.npz,1568,2688,0.0,sliding,0% (no slum),train
mumbai__Mumbai__y2688_x1680,mumbai,Mumbai,patches/mumbai__Mumbai__y2688_x1680.npz,patches/mumbai__Mumbai__y2688_x1680.npz,1680,2688,0.0,sliding,0% (no slum),train
mumbai__Mumbai__y2800_x0,mumbai,Mumbai,patches/mumbai__Mumbai__y2800_x0.npz,patches/mumbai__Mumbai__y2800_x0.npz,0,2800,0.0,sliding,0% (no slum),val
mumbai__Mumbai__y2800_x112,mumbai,Mumbai,patches/mumbai__Mumbai__y2800_x112.npz,patches/mumbai__Mumbai__y2800_x112.npz,112,2800,0.015944,sliding,0-25%,train
mumbai__Mumbai__y2800_x224,mumbai,Mumbai,patches/mumbai__Mumbai__y2800_x224.npz,patches/mumbai__Mumbai__y2800_x224.npz,224,2800,0.033502,sliding,0-25%,train
mumbai__Mumbai__y2800_x336,mumbai,Mumbai,patches/mumbai__Mumbai__y2800_x336.npz,patches/mumbai__Mumbai__y2800_x336.npz,336,2800,0.02561,sliding,0-25%,val
mumbai__Mumbai__y2800_x448,mumbai,Mumbai,patches/mumbai__Mumbai__y2800_x448.npz,patches/mumbai__Mumbai__y2800_x448.npz,448,2800,0.048011,sliding,0-25%,train
mumbai__Mumbai__y2800_x560,mumbai,Mumbai,patches/mumbai__Mumbai__y2800_x560.npz,patches/mumbai__Mumbai__y2800_x560.npz,560,2800,0.082988,sliding,0-25%,train
mumbai__Mumbai__y2800_x672,mumbai,Mumbai,patches/mumbai__Mumbai__y2800_x672.npz,patches/mumbai__Mumbai__y2800_x672.npz,672,2800,0.043646,sliding,0-25%,val
mumbai__Mumbai__y2800_x784,mumbai,Mumbai,patches/mumbai__Mumbai__y2800_x784.npz,patches/mumbai__Mumbai__y2800_x784.npz,784,2800,0.000618,sliding,0-25%,test
mumbai__Mumbai__y2800_x896,mumbai,Mumbai,patches/mumbai__Mumbai__y2800_x896.npz,patches/mumbai__Mumbai__y2800_x896.npz,896,2800,0.0,sliding,0% (no slum),train
mumbai__Mumbai__y2800_x1008,mumbai,Mumbai,patches/mumbai__Mumbai__y2800_x1008.npz,patches/mumbai__Mumbai__y2800_x1008.npz,1008,2800,0.000239,sliding,0-25%,train
mumbai__Mumbai__y2800_x1120,mumbai,Mumbai,patches/mumbai__Mumbai__y2800_x1120.npz,patches/mumbai__Mumbai__y2800_x1120.npz,1120,2800,0.000239,sliding,0-25%,test
mumbai__Mumbai__y2800_x1232,mumbai,Mumbai,patches/mumbai__Mumbai__y2800_x1232.npz,patches/mumbai__Mumbai__y2800_x1232.npz,1232,2800,0.0,sliding,0% (no slum),train
mumbai__Mumbai__y2800_x1344,mumbai,Mumbai,patches/mumbai__Mumbai__y2800_x1344.npz,patches/mumbai__Mumbai__y2800_x1344.npz,1344,2800,0.0,sliding,0% (no slum),train
mumbai__Mumbai__y2800_x1456,mumbai,Mumbai,patches/mumbai__Mumbai__y2800_x1456.npz,patches/mumbai__Mumbai__y2800_x1456.npz,1456,2800,0.0,sliding,0% (no slum),train
mumbai__Mumbai__y2800_x1568,mumbai,Mumbai,patches/mumbai__Mumbai__y2800_x1568.npz,patches/mumbai__Mumbai__y2800_x1568.npz,1568,2800,0.0,sliding,0% (no slum),train
mumbai__Mumbai__y2800_x1680,mumbai,Mumbai,patches/mumbai__Mumbai__y2800_x1680.npz,patches/mumbai__Mumbai__y2800_x1680.npz,1680,2800,0.0,sliding,0% (no slum),train
mumbai__Mumbai__y2912_x0,mumbai,Mumbai,patches/mumbai__Mumbai__y2912_x0.npz,patches/mumbai__Mumbai__y2912_x0.npz,0,2912,0.0,sliding,0% (no slum),train
mumbai__Mumbai__y2912_x112,mumbai,Mumbai,patches/mumbai__Mumbai__y2912_x112.npz,patches/mumbai__Mumbai__y2912_x112.npz,112,2912,0.01975,sliding,0-25%,train
mumbai__Mumbai__y2912_x224,mumbai,Mumbai,patches/mumbai__Mumbai__y2912_x224.npz,patches/mumbai__Mumbai__y2912_x224.npz,224,2912,0.040358,sliding,0-25%,train
mumbai__Mumbai__y2912_x336,mumbai,Mumbai,patches/mumbai__Mumbai__y2912_x336.npz,patches/mumbai__Mumbai__y2912_x336.npz,336,2912,0.028739,sliding,0-25%,val
mumbai__Mumbai__y2912_x448,mumbai,Mumbai,patches/mumbai__Mumbai__y2912_x448.npz,patches/mumbai__Mumbai__y2912_x448.npz,448,2912,0.044882,sliding,0-25%,train
mumbai__Mumbai__y2912_x560,mumbai,Mumbai,patches/mumbai__Mumbai__y2912_x560.npz,patches/mumbai__Mumbai__y2912_x560.npz,560,2912,0.055505,sliding,0-25%,train
mumbai__Mumbai__y2912_x672,mumbai,Mumbai,patches/mumbai__Mumbai__y2912_x672.npz,patches/mumbai__Mumbai__y2912_x672.npz,672,2912,0.019073,sliding,0-25%,train
mumbai__Mumbai__y2912_x784,mumbai,Mumbai,patches/mumbai__Mumbai__y2912_x784.npz,patches/mumbai__Mumbai__y2912_x784.npz,784,2912,0.000319,sliding,0-25%,train
mumbai__Mumbai__y2912_x896,mumbai,Mumbai,patches/mumbai__Mumbai__y2912_x896.npz,patches/mumbai__Mumbai__y2912_x896.npz,896,2912,0.0,sliding,0% (no slum),train
mumbai__Mumbai__y2912_x1008,mumbai,Mumbai,patches/mumbai__Mumbai__y2912_x1008.npz,patches/mumbai__Mumbai__y2912_x1008.npz,1008,2912,0.0,sliding,0% (no slum),val
mumbai__Mumbai__y2912_x1120,mumbai,Mumbai,patches/mumbai__Mumbai__y2912_x1120.npz,patches/mumbai__Mumbai__y2912_x1120.npz,1120,2912,0.0,sliding,0% (no slum),val
mumbai__Mumbai__y2912_x1232,mumbai,Mumbai,patches/mumbai__Mumbai__y2912_x1232.npz,patches/mumbai__Mumbai__y2912_x1232.npz,1232,2912,0.0,sliding,0% (no slum),train
mumbai__Mumbai__y2912_x1344,mumbai,Mumbai,patches/mumbai__Mumbai__y2912_x1344.npz,patches/mumbai__Mumbai__y2912_x1344.npz,1344,2912,0.0,sliding,0% (no slum),train
mumbai__Mumbai__y2912_x1456,mumbai,Mumbai,patches/mumbai__Mumbai__y2912_x1456.npz,patches/mumbai__Mumbai__y2912_x1456.npz,1456,2912,0.0,sliding,0% (no slum),train
mumbai__Mumbai__y2912_x1568,mumbai,Mumbai,patches/mumbai__Mumbai__y2912_x1568.npz,patches/mumbai__Mumbai__y2912_x1568.npz,1568,2912,0.0,sliding,0% (no slum),train
mumbai__Mumbai__y2912_x1680,mumbai,Mumbai,patches/mumbai__Mumbai__y2912_x1680.npz,patches/mumbai__Mumbai__y2912_x1680.npz,1680,2912,0.0,sliding,0% (no slum),train
mumbai__Mumbai__y3024_x0,mumbai,Mumbai,patches/mumbai__Mumbai__y3024_x0.npz,patches/mumbai__Mumbai__y3024_x0.npz,0,3024,0.0001,sliding,0-25%,test
mumbai__Mumbai__y3024_x112,mumbai,Mumbai,patches/mumbai__Mumbai__y3024_x112.npz,patches/mumbai__Mumbai__y3024_x112.npz,112,3024,0.00845,sliding,0-25%,val
mumbai__Mumbai__y3024_x224,mumbai,Mumbai,patches/mumbai__Mumbai__y3024_x224.npz,patches/mumbai__Mumbai__y3024_x224.npz,224,3024,0.026287,sliding,0-25%,train
mumbai__Mumbai__y3024_x336,mumbai,Mumbai,patches/mumbai__Mumbai__y3024_x336.npz,patches/mumbai__Mumbai__y3024_x336.npz,336,3024,0.035395,sliding,0-25%,train
mumbai__Mumbai__y3024_x448,mumbai,Mumbai,patches/mumbai__Mumbai__y3024_x448.npz,patches/mumbai__Mumbai__y3024_x448.npz,448,3024,0.031529,sliding,0-25%,train
mumbai__Mumbai__y3024_x560,mumbai,Mumbai,patches/mumbai__Mumbai__y3024_x560.npz,patches/mumbai__Mumbai__y3024_x560.npz,560,3024,0.02567,sliding,0-25%,test
mumbai__Mumbai__y3024_x672,mumbai,Mumbai,patches/mumbai__Mumbai__y3024_x672.npz,patches/mumbai__Mumbai__y3024_x672.npz,672,3024,0.011599,sliding,0-25%,train
mumbai__Mumbai__y3024_x784,mumbai,Mumbai,patches/mumbai__Mumbai__y3024_x784.npz,patches/mumbai__Mumbai__y3024_x784.npz,784,3024,0.0,sliding,0% (no slum),test
mumbai__Mumbai__y3024_x896,mumbai,Mumbai,patches/mumbai__Mumbai__y3024_x896.npz,patches/mumbai__Mumbai__y3024_x896.npz,896,3024,0.0,sliding,0% (no slum),train
mumbai__Mumbai__y3024_x1008,mumbai,Mumbai,patches/mumbai__Mumbai__y3024_x1008.npz,patches/mumbai__Mumbai__y3024_x1008.npz,1008,3024,0.0,sliding,0% (no slum),train
mumbai__Mumbai__y3024_x1120,mumbai,Mumbai,patches/mumbai__Mumbai__y3024_x1120.npz,patches/mumbai__Mumbai__y3024_x1120.npz,1120,3024,0.0,sliding,0% (no slum),train
mumbai__Mumbai__y3024_x1232,mumbai,Mumbai,patches/mumbai__Mumbai__y3024_x1232.npz,patches/mumbai__Mumbai__y3024_x1232.npz,1232,3024,0.0,sliding,0% (no slum),train
mumbai__Mumbai__y3024_x1344,mumbai,Mumbai,patches/mumbai__Mumbai__y3024_x1344.npz,patches/mumbai__Mumbai__y3024_x1344.npz,1344,3024,0.0,sliding,0% (no slum),train
mumbai__Mumbai__y3024_x1456,mumbai,Mumbai,patches/mumbai__Mumbai__y3024_x1456.npz,patches/mumbai__Mumbai__y3024_x1456.npz,1456,3024,0.0,sliding,0% (no slum),train
mumbai__Mumbai__y3024_x1568,mumbai,Mumbai,patches/mumbai__Mumbai__y3024_x1568.npz,patches/mumbai__Mumbai__y3024_x1568.npz,1568,3024,0.0,sliding,0% (no slum),val
mumbai__Mumbai__y3024_x1680,mumbai,Mumbai,patches/mumbai__Mumbai__y3024_x1680.npz,patches/mumbai__Mumbai__y3024_x1680.npz,1680,3024,0.0,sliding,0% (no slum),train
mumbai__Mumbai__y3136_x0,mumbai,Mumbai,patches/mumbai__Mumbai__y3136_x0.npz,patches/mumbai__Mumbai__y3136_x0.npz,0,3136,0.001415,sliding,0-25%,train
mumbai__Mumbai__y3136_x112,mumbai,Mumbai,patches/mumbai__Mumbai__y3136_x112.npz,patches/mumbai__Mumbai__y3136_x112.npz,112,3136,0.004584,sliding,0-25%,train
mumbai__Mumbai__y3136_x224,mumbai,Mumbai,patches/mumbai__Mumbai__y3136_x224.npz,patches/mumbai__Mumbai__y3136_x224.npz,224,3136,0.022102,sliding,0-25%,train
mumbai__Mumbai__y3136_x336,mumbai,Mumbai,patches/mumbai__Mumbai__y3136_x336.npz,patches/mumbai__Mumbai__y3136_x336.npz,336,3136,0.033801,sliding,0-25%,test
mumbai__Mumbai__y3136_x448,mumbai,Mumbai,patches/mumbai__Mumbai__y3136_x448.npz,patches/mumbai__Mumbai__y3136_x448.npz,448,3136,0.02571,sliding,0-25%,train
mumbai__Mumbai__y3136_x560,mumbai,Mumbai,patches/mumbai__Mumbai__y3136_x560.npz,patches/mumbai__Mumbai__y3136_x560.npz,560,3136,0.020109,sliding,0-25%,train
mumbai__Mumbai__y3136_x672,mumbai,Mumbai,patches/mumbai__Mumbai__y3136_x672.npz,patches/mumbai__Mumbai__y3136_x672.npz,672,3136,0.009267,sliding,0-25%,train
mumbai__Mumbai__y3136_x784,mumbai,Mumbai,patches/mumbai__Mumbai__y3136_x784.npz,patches/mumbai__Mumbai__y3136_x784.npz,784,3136,0.0,sliding,0% (no slum),train
mumbai__Mumbai__y3136_x896,mumbai,Mumbai,patches/mumbai__Mumbai__y3136_x896.npz,patches/mumbai__Mumbai__y3136_x896.npz,896,3136,0.0,sliding,0% (no slum),test
mumbai__Mumbai__y3136_x1008,mumbai,Mumbai,patches/mumbai__Mumbai__y3136_x1008.npz,patches/mumbai__Mumbai__y3136_x1008.npz,1008,3136,0.0,sliding,0% (no slum),train
mumbai__Mumbai__y3136_x1120,mumbai,Mumbai,patches/mumbai__Mumbai__y3136_x1120.npz,patches/mumbai__Mumbai__y3136_x1120.npz,1120,3136,0.0,sliding,0% (no slum),train
mumbai__Mumbai__y3136_x1232,mumbai,Mumbai,patches/mumbai__Mumbai__y3136_x1232.npz,patches/mumbai__Mumbai__y3136_x1232.npz,1232,3136,0.0,sliding,0% (no slum),train
mumbai__Mumbai__y3136_x1344,mumbai,Mumbai,patches/mumbai__Mumbai__y3136_x1344.npz,patches/mumbai__Mumbai__y3136_x1344.npz,1344,3136,0.0,sliding,0% (no slum),val
mumbai__Mumbai__y3136_x1456,mumbai,Mumbai,patches/mumbai__Mumbai__y3136_x1456.npz,patches/mumbai__Mumbai__y3136_x1456.npz,1456,3136,0.0,sliding,0% (no slum),train
mumbai__Mumbai__y3136_x1568,mumbai,Mumbai,patches/mumbai__Mumbai__y3136_x1568.npz,patches/mumbai__Mumbai__y3136_x1568.npz,1568,3136,0.0,sliding,0% (no slum),train
mumbai__Mumbai__y3136_x1680,mumbai,Mumbai,patches/mumbai__Mumbai__y3136_x1680.npz,patches/mumbai__Mumbai__y3136_x1680.npz,1680,3136,0.0,sliding,0% (no slum),train
mumbai__Mumbai__y3248_x0,mumbai,Mumbai,patches/mumbai__Mumbai__y3248_x0.npz,patches/mumbai__Mumbai__y3248_x0.npz,0,3248,0.004963,sliding,0-25%,train
mumbai__Mumbai__y3248_x112,mumbai,Mumbai,patches/mumbai__Mumbai__y3248_x112.npz,patches/mumbai__Mumbai__y3248_x112.npz,112,3248,0.003448,sliding,0-25%,val
mumbai__Mumbai__y3248_x224,mumbai,Mumbai,patches/mumbai__Mumbai__y3248_x224.npz,patches/mumbai__Mumbai__y3248_x224.npz,224,3248,0.008749,sliding,0-25%,train
mumbai__Mumbai__y3248_x336,mumbai,Mumbai,patches/mumbai__Mumbai__y3248_x336.npz,patches/mumbai__Mumbai__y3248_x336.npz,336,3248,0.01417,sliding,0-25%,train
mumbai__Mumbai__y3248_x448,mumbai,Mumbai,patches/mumbai__Mumbai__y3248_x448.npz,patches/mumbai__Mumbai__y3248_x448.npz,448,3248,0.009028,sliding,0-25%,train
mumbai__Mumbai__y3248_x560,mumbai,Mumbai,patches/mumbai__Mumbai__y3248_x560.npz,patches/mumbai__Mumbai__y3248_x560.npz,560,3248,0.003607,sliding,0-25%,val
mumbai__Mumbai__y3248_x672,mumbai,Mumbai,patches/mumbai__Mumbai__y3248_x672.npz,patches/mumbai__Mumbai__y3248_x672.npz,672,3248,0.0,sliding,0% (no slum),train
mumbai__Mumbai__y3248_x784,mumbai,Mumbai,patches/mumbai__Mumbai__y3248_x784.npz,patches/mumbai__Mumbai__y3248_x784.npz,784,3248,0.0,sliding,0% (no slum),val
mumbai__Mumbai__y3248_x896,mumbai,Mumbai,patches/mumbai__Mumbai__y3248_x896.npz,patches/mumbai__Mumbai__y3248_x896.npz,896,3248,0.0,sliding,0% (no slum),train
mumbai__Mumbai__y3248_x1008,mumbai,Mumbai,patches/mumbai__Mumbai__y3248_x1008.npz,patches/mumbai__Mumbai__y3248_x1008.npz,1008,3248,0.0,sliding,0% (no slum),train
mumbai__Mumbai__y3248_x1120,mumbai,Mumbai,patches/mumbai__Mumbai__y3248_x1120.npz,patches/mumbai__Mumbai__y3248_x1120.npz,1120,3248,0.0,sliding,0% (no slum),train
mumbai__Mumbai__y3248_x1232,mumbai,Mumbai,patches/mumbai__Mumbai__y3248_x1232.npz,patches/mumbai__Mumbai__y3248_x1232.npz,1232,3248,0.0,sliding,0% (no slum),train
mumbai__Mumbai__y3248_x1344,mumbai,Mumbai,patches/mumbai__Mumbai__y3248_x1344.npz,patches/mumbai__Mumbai__y3248_x1344.npz,1344,3248,0.0,sliding,0% (no slum),test
mumbai__Mumbai__y3248_x1456,mumbai,Mumbai,patches/mumbai__Mumbai__y3248_x1456.npz,patches/mumbai__Mumbai__y3248_x1456.npz,1456,3248,0.0,sliding,0% (no slum),train
mumbai__Mumbai__y3248_x1568,mumbai,Mumbai,patches/mumbai__Mumbai__y3248_x1568.npz,patches/mumbai__Mumbai__y3248_x1568.npz,1568,3248,0.0,sliding,0% (no slum),train
mumbai__Mumbai__y3248_x1680,mumbai,Mumbai,patches/mumbai__Mumbai__y3248_x1680.npz,patches/mumbai__Mumbai__y3248_x1680.npz,1680,3248,0.0,sliding,0% (no slum),train
mumbai__Mumbai__y3360_x0,mumbai,Mumbai,patches/mumbai__Mumbai__y3360_x0.npz,patches/mumbai__Mumbai__y3360_x0.npz,0,3360,0.007374,sliding,0-25%,train
mumbai__Mumbai__y3360_x112,mumbai,Mumbai,patches/mumbai__Mumbai__y3360_x112.npz,patches/mumbai__Mumbai__y3360_x112.npz,112,3360,0.002132,sliding,0-25%,test
mumbai__Mumbai__y3360_x224,mumbai,Mumbai,patches/mumbai__Mumbai__y3360_x224.npz,patches/mumbai__Mumbai__y3360_x224.npz,224,3360,2e-05,sliding,0-25%,train
mumbai__Mumbai__y3360_x336,mumbai,Mumbai,patches/mumbai__Mumbai__y3360_x336.npz,patches/mumbai__Mumbai__y3360_x336.npz,336,3360,0.000757,sliding,0-25%,train
mumbai__Mumbai__y3360_x448,mumbai,Mumbai,patches/mumbai__Mumbai__y3360_x448.npz,patches/mumbai__Mumbai__y3360_x448.npz,448,3360,0.001475,sliding,0-25%,train
mumbai__Mumbai__y3360_x560,mumbai,Mumbai,patches/mumbai__Mumbai__y3360_x560.npz,patches/mumbai__Mumbai__y3360_x560.npz,560,3360,0.000737,sliding,0-25%,val
mumbai__Mumbai__y3360_x672,mumbai,Mumbai,patches/mumbai__Mumbai__y3360_x672.npz,patches/mumbai__Mumbai__y3360_x672.npz,672,3360,0.0,sliding,0% (no slum),train
mumbai__Mumbai__y3360_x784,mumbai,Mumbai,patches/mumbai__Mumbai__y3360_x784.npz,patches/mumbai__Mumbai__y3360_x784.npz,784,3360,0.0,sliding,0% (no slum),train
mumbai__Mumbai__y3360_x896,mumbai,Mumbai,patches/mumbai__Mumbai__y3360_x896.npz,patches/mumbai__Mumbai__y3360_x896.npz,896,3360,0.0,sliding,0% (no slum),train
mumbai__Mumbai__y3360_x1008,mumbai,Mumbai,patches/mumbai__Mumbai__y3360_x1008.npz,patches/mumbai__Mumbai__y3360_x1008.npz,1008,3360,0.0,sliding,0% (no slum),train
mumbai__Mumbai__y3360_x1120,mumbai,Mumbai,patches/mumbai__Mumbai__y3360_x1120.npz,patches/mumbai__Mumbai__y3360_x1120.npz,1120,3360,0.0,sliding,0% (no slum),test
mumbai__Mumbai__y3360_x1232,mumbai,Mumbai,patches/mumbai__Mumbai__y3360_x1232.npz,patches/mumbai__Mumbai__y3360_x1232.npz,1232,3360,0.0,sliding,0% (no slum),test
mumbai__Mumbai__y3360_x1344,mumbai,Mumbai,patches/mumbai__Mumbai__y3360_x1344.npz,patches/mumbai__Mumbai__y3360_x1344.npz,1344,3360,0.0,sliding,0% (no slum),train
mumbai__Mumbai__y3360_x1456,mumbai,Mumbai,patches/mumbai__Mumbai__y3360_x1456.npz,patches/mumbai__Mumbai__y3360_x1456.npz,1456,3360,0.0,sliding,0% (no slum),train
mumbai__Mumbai__y3360_x1568,mumbai,Mumbai,patches/mumbai__Mumbai__y3360_x1568.npz,patches/mumbai__Mumbai__y3360_x1568.npz,1568,3360,0.0,sliding,0% (no slum),train
mumbai__Mumbai__y3360_x1680,mumbai,Mumbai,patches/mumbai__Mumbai__y3360_x1680.npz,patches/mumbai__Mumbai__y3360_x1680.npz,1680,3360,0.0,sliding,0% (no slum),train
mumbai__Mumbai__y3472_x0,mumbai,Mumbai,patches/mumbai__Mumbai__y3472_x0.npz,patches/mumbai__Mumbai__y3472_x0.npz,0,3472,0.003727,sliding,0-25%,val
mumbai__Mumbai__y3472_x112,mumbai,Mumbai,patches/mumbai__Mumbai__y3472_x112.npz,patches/mumbai__Mumbai__y3472_x112.npz,112,3472,0.0,sliding,0% (no slum),train
mumbai__Mumbai__y3472_x224,mumbai,Mumbai,patches/mumbai__Mumbai__y3472_x224.npz,patches/mumbai__Mumbai__y3472_x224.npz,224,3472,0.0,sliding,0% (no slum),train
mumbai__Mumbai__y3472_x336,mumbai,Mumbai,patches/mumbai__Mumbai__y3472_x336.npz,patches/mumbai__Mumbai__y3472_x336.npz,336,3472,6e-05,sliding,0-25%,train
mumbai__Mumbai__y3472_x448,mumbai,Mumbai,patches/mumbai__Mumbai__y3472_x448.npz,patches/mumbai__Mumbai__y3472_x448.npz,448,3472,0.0001,sliding,0-25%,test
mumbai__Mumbai__y3472_x560,mumbai,Mumbai,patches/mumbai__Mumbai__y3472_x560.npz,patches/mumbai__Mumbai__y3472_x560.npz,560,3472,4e-05,sliding,0-25%,train
mumbai__Mumbai__y3472_x672,mumbai,Mumbai,patches/mumbai__Mumbai__y3472_x672.npz,patches/mumbai__Mumbai__y3472_x672.npz,672,3472,0.0,sliding,0% (no slum),test
mumbai__Mumbai__y3472_x784,mumbai,Mumbai,patches/mumbai__Mumbai__y3472_x784.npz,patches/mumbai__Mumbai__y3472_x784.npz,784,3472,0.0,sliding,0% (no slum),test
mumbai__Mumbai__y3472_x896,mumbai,Mumbai,patches/mumbai__Mumbai__y3472_x896.npz,patches/mumbai__Mumbai__y3472_x896.npz,896,3472,0.0,sliding,0% (no slum),train
mumbai__Mumbai__y3472_x1008,mumbai,Mumbai,patches/mumbai__Mumbai__y3472_x1008.npz,patches/mumbai__Mumbai__y3472_x1008.npz,1008,3472,0.0,sliding,0% (no slum),train
mumbai__Mumbai__y3472_x1120,mumbai,Mumbai,patches/mumbai__Mumbai__y3472_x1120.npz,patches/mumbai__Mumbai__y3472_x1120.npz,1120,3472,0.0,sliding,0% (no slum),train
mumbai__Mumbai__y3472_x1232,mumbai,Mumbai,patches/mumbai__Mumbai__y3472_x1232.npz,patches/mumbai__Mumbai__y3472_x1232.npz,1232,3472,0.0,sliding,0% (no slum),train
mumbai__Mumbai__y3472_x1344,mumbai,Mumbai,patches/mumbai__Mumbai__y3472_x1344.npz,patches/mumbai__Mumbai__y3472_x1344.npz,1344,3472,0.0,sliding,0% (no slum),train
mumbai__Mumbai__y3472_x1456,mumbai,Mumbai,patches/mumbai__Mumbai__y3472_x1456.npz,patches/mumbai__Mumbai__y3472_x1456.npz,1456,3472,0.0,sliding,0% (no slum),train
mumbai__Mumbai__y3472_x1568,mumbai,Mumbai,patches/mumbai__Mumbai__y3472_x1568.npz,patches/mumbai__Mumbai__y3472_x1568.npz,1568,3472,0.0,sliding,0% (no slum),train
mumbai__Mumbai__y3472_x1680,mumbai,Mumbai,patches/mumbai__Mumbai__y3472_x1680.npz,patches/mumbai__Mumbai__y3472_x1680.npz,1680,3472,0.0,sliding,0% (no slum),val
mumbai__Mumbai__y3584_x0,mumbai,Mumbai,patches/mumbai__Mumbai__y3584_x0.npz,patches/mumbai__Mumbai__y3584_x0.npz,0,3584,0.0,sliding,0% (no slum),test
mumbai__Mumbai__y3584_x112,mumbai,Mumbai,patches/mumbai__Mumbai__y3584_x112.npz,patches/mumbai__Mumbai__y3584_x112.npz,112,3584,0.0,sliding,0% (no slum),train
mumbai__Mumbai__y3584_x224,mumbai,Mumbai,patches/mumbai__Mumbai__y3584_x224.npz,patches/mumbai__Mumbai__y3584_x224.npz,224,3584,0.00285,sliding,0-25%,train
mumbai__Mumbai__y3584_x336,mumbai,Mumbai,patches/mumbai__Mumbai__y3584_x336.npz,patches/mumbai__Mumbai__y3584_x336.npz,336,3584,0.00285,sliding,0-25%,train
mumbai__Mumbai__y3584_x448,mumbai,Mumbai,patches/mumbai__Mumbai__y3584_x448.npz,patches/mumbai__Mumbai__y3584_x448.npz,448,3584,0.0,sliding,0% (no slum),train
mumbai__Mumbai__y3584_x560,mumbai,Mumbai,patches/mumbai__Mumbai__y3584_x560.npz,patches/mumbai__Mumbai__y3584_x560.npz,560,3584,0.0,sliding,0% (no slum),train
mumbai__Mumbai__y3584_x672,mumbai,Mumbai,patches/mumbai__Mumbai__y3584_x672.npz,patches/mumbai__Mumbai__y3584_x672.npz,672,3584,0.0,sliding,0% (no slum),test
mumbai__Mumbai__y3584_x784,mumbai,Mumbai,patches/mumbai__Mumbai__y3584_x784.npz,patches/mumbai__Mumbai__y3584_x784.npz,784,3584,0.0,sliding,0% (no slum),val
mumbai__Mumbai__y3584_x896,mumbai,Mumbai,patches/mumbai__Mumbai__y3584_x896.npz,patches/mumbai__Mumbai__y3584_x896.npz,896,3584,0.0,sliding,0% (no slum),train
mumbai__Mumbai__y3584_x1008,mumbai,Mumbai,patches/mumbai__Mumbai__y3584_x1008.npz,patches/mumbai__Mumbai__y3584_x1008.npz,1008,3584,0.0,sliding,0% (no slum),train
mumbai__Mumbai__y3584_x1120,mumbai,Mumbai,patches/mumbai__Mumbai__y3584_x1120.npz,patches/mumbai__Mumbai__y3584_x1120.npz,1120,3584,0.0,sliding,0% (no slum),train
mumbai__Mumbai__y3584_x1232,mumbai,Mumbai,patches/mumbai__Mumbai__y3584_x1232.npz,patches/mumbai__Mumbai__y3584_x1232.npz,1232,3584,0.0,sliding,0% (no slum),val
mumbai__Mumbai__y3584_x1344,mumbai,Mumbai,patches/mumbai__Mumbai__y3584_x1344.npz,patches/mumbai__Mumbai__y3584_x1344.npz,1344,3584,0.0,sliding,0% (no slum),val
mumbai__Mumbai__y3584_x1456,mumbai,Mumbai,patches/mumbai__Mumbai__y3584_x1456.npz,patches/mumbai__Mumbai__y3584_x1456.npz,1456,3584,0.0,sliding,0% (no slum),train
mumbai__Mumbai__y3584_x1568,mumbai,Mumbai,patches/mumbai__Mumbai__y3584_x1568.npz,patches/mumbai__Mumbai__y3584_x1568.npz,1568,3584,0.0,sliding,0% (no slum),test
mumbai__Mumbai__y3584_x1680,mumbai,Mumbai,patches/mumbai__Mumbai__y3584_x1680.npz,patches/mumbai__Mumbai__y3584_x1680.npz,1680,3584,0.0,sliding,0% (no slum),train
mumbai__Mumbai__y3696_x0,mumbai,Mumbai,patches/mumbai__Mumbai__y3696_x0.npz,patches/mumbai__Mumbai__y3696_x0.npz,0,3696,0.003906,sliding,0-25%,train
mumbai__Mumbai__y3696_x112,mumbai,Mumbai,patches/mumbai__Mumbai__y3696_x112.npz,patches/mumbai__Mumbai__y3696_x112.npz,112,3696,0.026188,sliding,0-25%,train
mumbai__Mumbai__y3696_x224,mumbai,Mumbai,patches/mumbai__Mumbai__y3696_x224.npz,patches/mumbai__Mumbai__y3696_x224.npz,224,3696,0.034379,sliding,0-25%,train
mumbai__Mumbai__y3696_x336,mumbai,Mumbai,patches/mumbai__Mumbai__y3696_x336.npz,patches/mumbai__Mumbai__y3696_x336.npz,336,3696,0.012097,sliding,0-25%,test
mumbai__Mumbai__y3696_x448,mumbai,Mumbai,patches/mumbai__Mumbai__y3696_x448.npz,patches/mumbai__Mumbai__y3696_x448.npz,448,3696,0.0,sliding,0% (no slum),train
mumbai__Mumbai__y3696_x560,mumbai,Mumbai,patches/mumbai__Mumbai__y3696_x560.npz,patches/mumbai__Mumbai__y3696_x560.npz,560,3696,0.0,sliding,0% (no slum),train
mumbai__Mumbai__y3696_x672,mumbai,Mumbai,patches/mumbai__Mumbai__y3696_x672.npz,patches/mumbai__Mumbai__y3696_x672.npz,672,3696,0.0,sliding,0% (no slum),test
mumbai__Mumbai__y3696_x784,mumbai,Mumbai,patches/mumbai__Mumbai__y3696_x784.npz,patches/mumbai__Mumbai__y3696_x784.npz,784,3696,0.0,sliding,0% (no slum),val
mumbai__Mumbai__y3696_x896,mumbai,Mumbai,patches/mumbai__Mumbai__y3696_x896.npz,patches/mumbai__Mumbai__y3696_x896.npz,896,3696,0.0,sliding,0% (no slum),train
mumbai__Mumbai__y3696_x1008,mumbai,Mumbai,patches/mumbai__Mumbai__y3696_x1008.npz,patches/mumbai__Mumbai__y3696_x1008.npz,1008,3696,0.0,sliding,0% (no slum),train
mumbai__Mumbai__y3696_x1120,mumbai,Mumbai,patches/mumbai__Mumbai__y3696_x1120.npz,patches/mumbai__Mumbai__y3696_x1120.npz,1120,3696,0.0,sliding,0% (no slum),train
mumbai__Mumbai__y3696_x1232,mumbai,Mumbai,patches/mumbai__Mumbai__y3696_x1232.npz,patches/mumbai__Mumbai__y3696_x1232.npz,1232,3696,0.0,sliding,0% (no slum),train
mumbai__Mumbai__y3696_x1344,mumbai,Mumbai,patches/mumbai__Mumbai__y3696_x1344.npz,patches/mumbai__Mumbai__y3696_x1344.npz,1344,3696,0.0,sliding,0% (no slum),train
mumbai__Mumbai__y3696_x1456,mumbai,Mumbai,patches/mumbai__Mumbai__y3696_x1456.npz,patches/mumbai__Mumbai__y3696_x1456.npz,1456,3696,0.0,sliding,0% (no slum),val
mumbai__Mumbai__y3696_x1568,mumbai,Mumbai,patches/mumbai__Mumbai__y3696_x1568.npz,patches/mumbai__Mumbai__y3696_x1568.npz,1568,3696,0.0,sliding,0% (no slum),test
mumbai__Mumbai__y3696_x1680,mumbai,Mumbai,patches/mumbai__Mumbai__y3696_x1680.npz,patches/mumbai__Mumbai__y3696_x1680.npz,1680,3696,0.0,sliding,0% (no slum),train
nairobi__Kianda__y0_x0,nairobi,Kianda,patches/nairobi__Kianda__y0_x0.npz,patches/nairobi__Kianda__y0_x0.npz,0,0,0.26138,resize,25-50%,test
nairobi__Kibera__y0_x0,nairobi,Kibera,patches/nairobi__Kibera__y0_x0.npz,patches/nairobi__Kibera__y0_x0.npz,0,0,0.218969,pad,0-25%,test
nairobi__Lower__y0_x0,nairobi,Lower,patches/nairobi__Lower__y0_x0.npz,patches/nairobi__Lower__y0_x0.npz,0,0,0.140087,resize,0-25%,test
